item_id,annotator,label
p0000,ann1,0
p0000,ann2,0
p0000,ann3,0
p0001,ann1,0
p0001,ann2,0
p0001,ann3,1
p0002,ann1,0
p0002,ann2,0
p0002,ann3,0
p0003,ann1,0
p0003,ann2,0
p0003,ann3,0
p0004,ann1,1
p0004,ann2,1
p0004,ann3,1
p0005,ann1,0
p0005,ann2,0
p0005,ann3,0
p0006,ann1,0
p0006,ann2,0
p0006,ann3,0
p0007,ann1,1
p0007,ann2,1
p0007,ann3,1
p0008,ann1,1
p0008,ann2,1
p0008,ann3,1
p0009,ann1,0
p0009,ann2,1
p0009,ann3,0
p0010,ann1,1
p0010,ann2,1
p0010,ann3,1
p0011,ann1,0
p0011,ann2,1
p0011,ann3,0
p0012,ann1,0
p0012,ann2,0
p0012,ann3,0
p0013,ann1,1
p0013,ann2,0
p0013,ann3,1
p0014,ann1,1
p0014,ann2,1
p0014,ann3,1
p0015,ann1,0
p0015,ann2,1
p0015,ann3,0
p0016,ann1,0
p0016,ann2,0
p0016,ann3,0
p0017,ann1,0
p0017,ann2,0
p0017,ann3,0
p0018,ann1,1
p0018,ann2,1
p0018,ann3,1
p0019,ann1,0
p0019,ann2,0
p0019,ann3,1
p0020,ann1,0
p0020,ann2,0
p0020,ann3,1
p0021,ann1,1
p0021,ann2,0
p0021,ann3,1
p0022,ann1,1
p0022,ann2,0
p0022,ann3,1
p0023,ann1,0
p0023,ann2,0
p0023,ann3,1
p0024,ann1,0
p0024,ann2,0
p0024,ann3,1
p0025,ann1,0
p0025,ann2,0
p0025,ann3,0
p0026,ann1,0
p0026,ann2,0
p0026,ann3,0
p0027,ann1,0
p0027,ann2,0
p0027,ann3,0
p0028,ann1,0
p0028,ann2,0
p0028,ann3,0
p0029,ann1,0
p0029,ann2,0
p0029,ann3,0
p0030,ann1,0
p0030,ann2,0
p0030,ann3,1
p0031,ann1,1
p0031,ann2,1
p0031,ann3,1
p0032,ann1,0
p0032,ann2,0
p0032,ann3,0
p0033,ann1,0
p0033,ann2,0
p0033,ann3,0
p0034,ann1,0
p0034,ann2,0
p0034,ann3,0
p0035,ann1,1
p0035,ann2,1
p0035,ann3,1
p0036,ann1,0
p0036,ann2,0
p0036,ann3,0
p0037,ann1,0
p0037,ann2,0
p0037,ann3,0
p0038,ann1,0
p0038,ann2,0
p0038,ann3,1
p0039,ann1,0
p0039,ann2,0
p0039,ann3,0
p0040,ann1,0
p0040,ann2,0
p0040,ann3,0
p0041,ann1,1
p0041,ann2,1
p0041,ann3,1
p0042,ann1,0
p0042,ann2,0
p0042,ann3,0
p0043,ann1,0
p0043,ann2,0
p0043,ann3,0
p0044,ann1,0
p0044,ann2,0
p0044,ann3,0
p0045,ann1,1
p0045,ann2,0
p0045,ann3,1
p0046,ann1,1
p0046,ann2,1
p0046,ann3,1
p0047,ann1,1
p0047,ann2,0
p0047,ann3,0
p0048,ann1,1
p0048,ann2,1
p0048,ann3,1
p0049,ann1,0
p0049,ann2,0
p0049,ann3,0
p0050,ann1,1
p0050,ann2,1
p0050,ann3,1
p0051,ann1,0
p0051,ann2,1
p0051,ann3,1
p0052,ann1,0
p0052,ann2,1
p0052,ann3,0
p0053,ann1,1
p0053,ann2,1
p0053,ann3,1
p0054,ann1,0
p0054,ann2,1
p0054,ann3,0
p0055,ann1,0
p0055,ann2,0
p0055,ann3,0
p0056,ann1,0
p0056,ann2,0
p0056,ann3,1
p0057,ann1,0
p0057,ann2,1
p0057,ann3,0
p0058,ann1,0
p0058,ann2,0
p0058,ann3,0
p0059,ann1,1
p0059,ann2,1
p0059,ann3,1
p0060,ann1,0
p0060,ann2,0
p0060,ann3,0
p0061,ann1,1
p0061,ann2,1
p0061,ann3,1
p0062,ann1,1
p0062,ann2,1
p0062,ann3,1
p0063,ann1,0
p0063,ann2,0
p0063,ann3,0
p0064,ann1,0
p0064,ann2,0
p0064,ann3,0
p0065,ann1,1
p0065,ann2,0
p0065,ann3,0
p0066,ann1,0
p0066,ann2,0
p0066,ann3,0
p0067,ann1,1
p0067,ann2,0
p0067,ann3,1
p0068,ann1,0
p0068,ann2,0
p0068,ann3,1
p0069,ann1,0
p0069,ann2,0
p0069,ann3,0
p0070,ann1,0
p0070,ann2,0
p0070,ann3,0
p0071,ann1,1
p0071,ann2,1
p0071,ann3,1
p0072,ann1,1
p0072,ann2,1
p0072,ann3,0
p0073,ann1,0
p0073,ann2,0
p0073,ann3,0
p0074,ann1,0
p0074,ann2,0
p0074,ann3,0
p0075,ann1,1
p0075,ann2,0
p0075,ann3,0
p0076,ann1,0
p0076,ann2,1
p0076,ann3,1
p0077,ann1,0
p0077,ann2,0
p0077,ann3,0
p0078,ann1,1
p0078,ann2,1
p0078,ann3,0
p0079,ann1,0
p0079,ann2,0
p0079,ann3,0
p0080,ann1,0
p0080,ann2,0
p0080,ann3,0
p0081,ann1,0
p0081,ann2,0
p0081,ann3,0
p0082,ann1,0
p0082,ann2,0
p0082,ann3,0
p0083,ann1,1
p0083,ann2,0
p0083,ann3,0
p0084,ann1,1
p0084,ann2,1
p0084,ann3,1
p0085,ann1,0
p0085,ann2,0
p0085,ann3,0
p0086,ann1,0
p0086,ann2,0
p0086,ann3,0
p0087,ann1,1
p0087,ann2,1
p0087,ann3,1
p0088,ann1,0
p0088,ann2,1
p0088,ann3,0
p0089,ann1,0
p0089,ann2,0
p0089,ann3,0
p0090,ann1,0
p0090,ann2,0
p0090,ann3,0
p0091,ann1,1
p0091,ann2,1
p0091,ann3,0
p0092,ann1,0
p0092,ann2,0
p0092,ann3,0
p0093,ann1,1
p0093,ann2,1
p0093,ann3,1
p0094,ann1,0
p0094,ann2,1
p0094,ann3,0
p0095,ann1,0
p0095,ann2,0
p0095,ann3,0
p0096,ann1,0
p0096,ann2,0
p0096,ann3,1
p0097,ann1,0
p0097,ann2,0
p0097,ann3,0
p0098,ann1,1
p0098,ann2,1
p0098,ann3,1
p0099,ann1,0
p0099,ann2,1
p0099,ann3,0
p0100,ann1,0
p0100,ann2,0
p0100,ann3,0
p0101,ann1,0
p0101,ann2,0
p0101,ann3,0
p0102,ann1,1
p0102,ann2,1
p0102,ann3,1
p0103,ann1,1
p0103,ann2,1
p0103,ann3,1
p0104,ann1,1
p0104,ann2,1
p0104,ann3,1
p0105,ann1,0
p0105,ann2,0
p0105,ann3,0
p0106,ann1,0
p0106,ann2,1
p0106,ann3,0
p0107,ann1,0
p0107,ann2,0
p0107,ann3,0
p0108,ann1,0
p0108,ann2,0
p0108,ann3,0
p0109,ann1,1
p0109,ann2,1
p0109,ann3,1
p0110,ann1,1
p0110,ann2,1
p0110,ann3,0
p0111,ann1,0
p0111,ann2,0
p0111,ann3,0
p0112,ann1,0
p0112,ann2,0
p0112,ann3,0
p0113,ann1,1
p0113,ann2,1
p0113,ann3,1
p0114,ann1,0
p0114,ann2,0
p0114,ann3,0
p0115,ann1,0
p0115,ann2,1
p0115,ann3,0
p0116,ann1,1
p0116,ann2,1
p0116,ann3,1
p0117,ann1,0
p0117,ann2,1
p0117,ann3,0
p0118,ann1,1
p0118,ann2,1
p0118,ann3,1
p0119,ann1,0
p0119,ann2,0
p0119,ann3,0
p0120,ann1,1
p0120,ann2,1
p0120,ann3,1
p0121,ann1,0
p0121,ann2,0
p0121,ann3,0
p0122,ann1,0
p0122,ann2,0
p0122,ann3,1
p0123,ann1,1
p0123,ann2,0
p0123,ann3,0
p0124,ann1,0
p0124,ann2,0
p0124,ann3,1
p0125,ann1,0
p0125,ann2,0
p0125,ann3,0
p0126,ann1,1
p0126,ann2,1
p0126,ann3,1
p0127,ann1,0
p0127,ann2,0
p0127,ann3,0
p0128,ann1,0
p0128,ann2,0
p0128,ann3,0
p0129,ann1,1
p0129,ann2,1
p0129,ann3,1
p0130,ann1,1
p0130,ann2,1
p0130,ann3,1
p0131,ann1,1
p0131,ann2,1
p0131,ann3,1
p0132,ann1,1
p0132,ann2,1
p0132,ann3,1
p0133,ann1,0
p0133,ann2,0
p0133,ann3,0
p0134,ann1,0
p0134,ann2,0
p0134,ann3,0
p0135,ann1,0
p0135,ann2,0
p0135,ann3,0
p0136,ann1,0
p0136,ann2,0
p0136,ann3,0
p0137,ann1,0
p0137,ann2,0
p0137,ann3,0
p0138,ann1,0
p0138,ann2,1
p0138,ann3,0
p0139,ann1,1
p0139,ann2,1
p0139,ann3,1
p0140,ann1,0
p0140,ann2,1
p0140,ann3,0
p0141,ann1,0
p0141,ann2,0
p0141,ann3,0
p0142,ann1,1
p0142,ann2,1
p0142,ann3,1
p0143,ann1,0
p0143,ann2,0
p0143,ann3,0
p0144,ann1,0
p0144,ann2,0
p0144,ann3,1
p0145,ann1,0
p0145,ann2,0
p0145,ann3,0
p0146,ann1,0
p0146,ann2,1
p0146,ann3,0
p0147,ann1,1
p0147,ann2,0
p0147,ann3,0
p0148,ann1,0
p0148,ann2,0
p0148,ann3,0
p0149,ann1,1
p0149,ann2,1
p0149,ann3,1
p0150,ann1,1
p0150,ann2,0
p0150,ann3,1
p0151,ann1,0
p0151,ann2,1
p0151,ann3,0
p0152,ann1,0
p0152,ann2,1
p0152,ann3,0
p0153,ann1,0
p0153,ann2,0
p0153,ann3,1
p0154,ann1,0
p0154,ann2,0
p0154,ann3,0
p0155,ann1,0
p0155,ann2,0
p0155,ann3,0
p0156,ann1,1
p0156,ann2,1
p0156,ann3,1
p0157,ann1,1
p0157,ann2,1
p0157,ann3,1
p0158,ann1,1
p0158,ann2,1
p0158,ann3,1
p0159,ann1,0
p0159,ann2,1
p0159,ann3,1
p0160,ann1,0
p0160,ann2,0
p0160,ann3,1
p0161,ann1,0
p0161,ann2,0
p0161,ann3,0
p0162,ann1,0
p0162,ann2,0
p0162,ann3,1
p0163,ann1,0
p0163,ann2,0
p0163,ann3,1
p0164,ann1,0
p0164,ann2,0
p0164,ann3,0
p0165,ann1,0
p0165,ann2,0
p0165,ann3,0
p0166,ann1,1
p0166,ann2,1
p0166,ann3,1
p0167,ann1,1
p0167,ann2,0
p0167,ann3,1
p0168,ann1,1
p0168,ann2,1
p0168,ann3,1
p0169,ann1,1
p0169,ann2,1
p0169,ann3,1
p0170,ann1,0
p0170,ann2,0
p0170,ann3,0
p0171,ann1,1
p0171,ann2,1
p0171,ann3,1
p0172,ann1,0
p0172,ann2,0
p0172,ann3,0
p0173,ann1,0
p0173,ann2,0
p0173,ann3,0
p0174,ann1,0
p0174,ann2,0
p0174,ann3,0
p0175,ann1,0
p0175,ann2,0
p0175,ann3,0
p0176,ann1,1
p0176,ann2,0
p0176,ann3,0
p0177,ann1,0
p0177,ann2,0
p0177,ann3,0
p0178,ann1,0
p0178,ann2,0
p0178,ann3,0
p0179,ann1,0
p0179,ann2,0
p0179,ann3,0
p0180,ann1,0
p0180,ann2,0
p0180,ann3,1
p0181,ann1,0
p0181,ann2,1
p0181,ann3,0
p0182,ann1,0
p0182,ann2,0
p0182,ann3,0
p0183,ann1,0
p0183,ann2,0
p0183,ann3,0
p0184,ann1,1
p0184,ann2,1
p0184,ann3,1
p0185,ann1,0
p0185,ann2,0
p0185,ann3,0
p0186,ann1,1
p0186,ann2,0
p0186,ann3,0
p0187,ann1,0
p0187,ann2,1
p0187,ann3,0
p0188,ann1,0
p0188,ann2,0
p0188,ann3,0
p0189,ann1,1
p0189,ann2,1
p0189,ann3,0
p0190,ann1,0
p0190,ann2,0
p0190,ann3,0
p0191,ann1,0
p0191,ann2,0
p0191,ann3,0
p0192,ann1,0
p0192,ann2,0
p0192,ann3,0
p0193,ann1,0
p0193,ann2,0
p0193,ann3,0
p0194,ann1,0
p0194,ann2,1
p0194,ann3,0
p0195,ann1,0
p0195,ann2,0
p0195,ann3,0
p0196,ann1,0
p0196,ann2,1
p0196,ann3,0
p0197,ann1,0
p0197,ann2,0
p0197,ann3,0
p0198,ann1,0
p0198,ann2,0
p0198,ann3,0
p0199,ann1,0
p0199,ann2,0
p0199,ann3,0
p0200,ann1,1
p0200,ann2,1
p0200,ann3,0
p0201,ann1,0
p0201,ann2,0
p0201,ann3,0
p0202,ann1,1
p0202,ann2,0
p0202,ann3,0
p0203,ann1,0
p0203,ann2,0
p0203,ann3,1
p0204,ann1,0
p0204,ann2,0
p0204,ann3,0
p0205,ann1,1
p0205,ann2,1
p0205,ann3,1
p0206,ann1,0
p0206,ann2,0
p0206,ann3,0
p0207,ann1,1
p0207,ann2,1
p0207,ann3,0
p0208,ann1,1
p0208,ann2,0
p0208,ann3,0
p0209,ann1,0
p0209,ann2,0
p0209,ann3,1
p0210,ann1,0
p0210,ann2,0
p0210,ann3,0
p0211,ann1,0
p0211,ann2,0
p0211,ann3,0
p0212,ann1,0
p0212,ann2,1
p0212,ann3,0
p0213,ann1,0
p0213,ann2,0
p0213,ann3,0
p0214,ann1,0
p0214,ann2,0
p0214,ann3,0
p0215,ann1,0
p0215,ann2,1
p0215,ann3,0
p0216,ann1,0
p0216,ann2,1
p0216,ann3,0
p0217,ann1,1
p0217,ann2,1
p0217,ann3,1
p0218,ann1,1
p0218,ann2,1
p0218,ann3,1
p0219,ann1,1
p0219,ann2,1
p0219,ann3,1
p0220,ann1,0
p0220,ann2,0
p0220,ann3,0
p0221,ann1,0
p0221,ann2,0
p0221,ann3,0
p0222,ann1,0
p0222,ann2,0
p0222,ann3,0
p0223,ann1,1
p0223,ann2,1
p0223,ann3,1
p0224,ann1,0
p0224,ann2,0
p0224,ann3,0
p0225,ann1,0
p0225,ann2,1
p0225,ann3,0
p0226,ann1,0
p0226,ann2,0
p0226,ann3,0
p0227,ann1,1
p0227,ann2,1
p0227,ann3,1
p0228,ann1,1
p0228,ann2,1
p0228,ann3,1
p0229,ann1,1
p0229,ann2,0
p0229,ann3,0
p0230,ann1,0
p0230,ann2,0
p0230,ann3,0
p0231,ann1,0
p0231,ann2,0
p0231,ann3,0
p0232,ann1,0
p0232,ann2,0
p0232,ann3,0
p0233,ann1,0
p0233,ann2,1
p0233,ann3,0
p0234,ann1,1
p0234,ann2,1
p0234,ann3,1
p0235,ann1,1
p0235,ann2,1
p0235,ann3,1
p0236,ann1,0
p0236,ann2,1
p0236,ann3,1
p0237,ann1,1
p0237,ann2,1
p0237,ann3,1
p0238,ann1,0
p0238,ann2,0
p0238,ann3,0
p0239,ann1,1
p0239,ann2,1
p0239,ann3,0
p0240,ann1,0
p0240,ann2,0
p0240,ann3,0
p0241,ann1,1
p0241,ann2,1
p0241,ann3,0
p0242,ann1,1
p0242,ann2,1
p0242,ann3,1
p0243,ann1,1
p0243,ann2,1
p0243,ann3,0
p0244,ann1,1
p0244,ann2,0
p0244,ann3,0
p0245,ann1,0
p0245,ann2,1
p0245,ann3,0
p0246,ann1,1
p0246,ann2,1
p0246,ann3,1
p0247,ann1,0
p0247,ann2,0
p0247,ann3,0
p0248,ann1,1
p0248,ann2,1
p0248,ann3,1
p0249,ann1,1
p0249,ann2,1
p0249,ann3,1
p0250,ann1,0
p0250,ann2,0
p0250,ann3,0
p0251,ann1,0
p0251,ann2,0
p0251,ann3,0
p0252,ann1,0
p0252,ann2,0
p0252,ann3,0
p0253,ann1,0
p0253,ann2,0
p0253,ann3,1
p0254,ann1,1
p0254,ann2,1
p0254,ann3,1
p0255,ann1,0
p0255,ann2,1
p0255,ann3,0
p0256,ann1,0
p0256,ann2,0
p0256,ann3,0
p0257,ann1,0
p0257,ann2,1
p0257,ann3,1
p0258,ann1,0
p0258,ann2,0
p0258,ann3,0
p0259,ann1,1
p0259,ann2,1
p0259,ann3,1
p0260,ann1,1
p0260,ann2,1
p0260,ann3,1
p0261,ann1,1
p0261,ann2,1
p0261,ann3,1
p0262,ann1,1
p0262,ann2,1
p0262,ann3,1
p0263,ann1,1
p0263,ann2,1
p0263,ann3,1
p0264,ann1,0
p0264,ann2,0
p0264,ann3,0
p0265,ann1,1
p0265,ann2,1
p0265,ann3,1
p0266,ann1,0
p0266,ann2,0
p0266,ann3,0
p0267,ann1,1
p0267,ann2,1
p0267,ann3,1
p0268,ann1,0
p0268,ann2,0
p0268,ann3,0
p0269,ann1,0
p0269,ann2,0
p0269,ann3,0
p0270,ann1,0
p0270,ann2,0
p0270,ann3,0
p0271,ann1,0
p0271,ann2,0
p0271,ann3,0
p0272,ann1,0
p0272,ann2,0
p0272,ann3,1
p0273,ann1,0
p0273,ann2,0
p0273,ann3,0
p0274,ann1,0
p0274,ann2,0
p0274,ann3,0
p0275,ann1,0
p0275,ann2,0
p0275,ann3,0
p0276,ann1,1
p0276,ann2,1
p0276,ann3,1
p0277,ann1,0
p0277,ann2,1
p0277,ann3,0
p0278,ann1,0
p0278,ann2,0
p0278,ann3,0
p0279,ann1,0
p0279,ann2,0
p0279,ann3,0
p0280,ann1,0
p0280,ann2,0
p0280,ann3,0
p0281,ann1,0
p0281,ann2,0
p0281,ann3,0
p0282,ann1,0
p0282,ann2,0
p0282,ann3,0
p0283,ann1,0
p0283,ann2,0
p0283,ann3,0
p0284,ann1,1
p0284,ann2,1
p0284,ann3,1
p0285,ann1,0
p0285,ann2,0
p0285,ann3,0
p0286,ann1,0
p0286,ann2,0
p0286,ann3,0
p0287,ann1,0
p0287,ann2,0
p0287,ann3,0
p0288,ann1,0
p0288,ann2,0
p0288,ann3,0
p0289,ann1,1
p0289,ann2,1
p0289,ann3,1
p0290,ann1,0
p0290,ann2,1
p0290,ann3,0
p0291,ann1,1
p0291,ann2,0
p0291,ann3,0
p0292,ann1,0
p0292,ann2,0
p0292,ann3,1
p0293,ann1,0
p0293,ann2,1
p0293,ann3,1
p0294,ann1,0
p0294,ann2,0
p0294,ann3,0
p0295,ann1,1
p0295,ann2,1
p0295,ann3,1
p0296,ann1,0
p0296,ann2,0
p0296,ann3,0
p0297,ann1,0
p0297,ann2,1
p0297,ann3,0
p0298,ann1,1
p0298,ann2,0
p0298,ann3,1
p0299,ann1,1
p0299,ann2,0
p0299,ann3,0
