case_id,split,label_source,gold,system,pred
h000,test,human,Medium,B1,Medium
h000,test,human,Medium,B2,Medium
h000,test,human,Medium,B3,Medium
h000,test,human,Medium,B4,Medium
h000,test,human,Medium,B5,High
h000,test,human,Medium,ALERT,Medium
h000,test,human,Medium,ALERT-noGoalChecker,High
h000,test,human,Medium,ALERT-noPlanner,Low
h000,test,human,Medium,ALERT-noQueryExpand,Low
h001,test,human,Medium,B1,Medium
h001,test,human,Medium,B2,High
h001,test,human,Medium,B3,Medium
h001,test,human,Medium,B4,Medium
h001,test,human,Medium,B5,Medium
h001,test,human,Medium,ALERT,Low
h001,test,human,Medium,ALERT-noGoalChecker,Medium
h001,test,human,Medium,ALERT-noPlanner,Medium
h001,test,human,Medium,ALERT-noQueryExpand,Low
h002,test,human,Low,B1,High
h002,test,human,Low,B2,Low
h002,test,human,Low,B3,Low
h002,test,human,Low,B4,High
h002,test,human,Low,B5,Low
h002,test,human,Low,ALERT,Low
h002,test,human,Low,ALERT-noGoalChecker,Low
h002,test,human,Low,ALERT-noPlanner,Low
h002,test,human,Low,ALERT-noQueryExpand,Low
h003,test,human,Medium,B1,Medium
h003,test,human,Medium,B2,Medium
h003,test,human,Medium,B3,Medium
h003,test,human,Medium,B4,Medium
h003,test,human,Medium,B5,Medium
h003,test,human,Medium,ALERT,High
h003,test,human,Medium,ALERT-noGoalChecker,Medium
h003,test,human,Medium,ALERT-noPlanner,Medium
h003,test,human,Medium,ALERT-noQueryExpand,Medium
h004,test,human,Low,B1,Low
h004,test,human,Low,B2,Low
h004,test,human,Low,B3,Low
h004,test,human,Low,B4,Low
h004,test,human,Low,B5,Medium
h004,test,human,Low,ALERT,Low
h004,test,human,Low,ALERT-noGoalChecker,Low
h004,test,human,Low,ALERT-noPlanner,High
h004,test,human,Low,ALERT-noQueryExpand,Low
h005,test,human,Medium,B1,Medium
h005,test,human,Medium,B2,Medium
h005,test,human,Medium,B3,Medium
h005,test,human,Medium,B4,Medium
h005,test,human,Medium,B5,Medium
h005,test,human,Medium,ALERT,Medium
h005,test,human,Medium,ALERT-noGoalChecker,High
h005,test,human,Medium,ALERT-noPlanner,Medium
h005,test,human,Medium,ALERT-noQueryExpand,Medium
h006,test,human,Medium,B1,Medium
h006,test,human,Medium,B2,Low
h006,test,human,Medium,B3,Low
h006,test,human,Medium,B4,Medium
h006,test,human,Medium,B5,Medium
h006,test,human,Medium,ALERT,Medium
h006,test,human,Medium,ALERT-noGoalChecker,Low
h006,test,human,Medium,ALERT-noPlanner,Medium
h006,test,human,Medium,ALERT-noQueryExpand,Medium
h007,test,human,Low,B1,Low
h007,test,human,Low,B2,Low
h007,test,human,Low,B3,Low
h007,test,human,Low,B4,Low
h007,test,human,Low,B5,High
h007,test,human,Low,ALERT,Medium
h007,test,human,Low,ALERT-noGoalChecker,Low
h007,test,human,Low,ALERT-noPlanner,Low
h007,test,human,Low,ALERT-noQueryExpand,Low
h008,test,human,Low,B1,Medium
h008,test,human,Low,B2,Low
h008,test,human,Low,B3,Low
h008,test,human,Low,B4,Medium
h008,test,human,Low,B5,Medium
h008,test,human,Low,ALERT,Low
h008,test,human,Low,ALERT-noGoalChecker,Low
h008,test,human,Low,ALERT-noPlanner,Low
h008,test,human,Low,ALERT-noQueryExpand,Low
h009,test,human,Low,B1,Low
h009,test,human,Low,B2,Medium
h009,test,human,Low,B3,High
h009,test,human,Low,B4,Low
h009,test,human,Low,B5,Low
h009,test,human,Low,ALERT,Low
h009,test,human,Low,ALERT-noGoalChecker,Low
h009,test,human,Low,ALERT-noPlanner,Medium
h009,test,human,Low,ALERT-noQueryExpand,Low
h010,test,human,High,B1,High
h010,test,human,High,B2,High
h010,test,human,High,B3,Medium
h010,test,human,High,B4,High
h010,test,human,High,B5,High
h010,test,human,High,ALERT,High
h010,test,human,High,ALERT-noGoalChecker,Medium
h010,test,human,High,ALERT-noPlanner,High
h010,test,human,High,ALERT-noQueryExpand,High
h011,test,human,Medium,B1,Medium
h011,test,human,Medium,B2,Medium
h011,test,human,Medium,B3,High
h011,test,human,Medium,B4,Medium
h011,test,human,Medium,B5,Medium
h011,test,human,Medium,ALERT,Medium
h011,test,human,Medium,ALERT-noGoalChecker,Low
h011,test,human,Medium,ALERT-noPlanner,Medium
h011,test,human,Medium,ALERT-noQueryExpand,Medium
h012,test,human,High,B1,Medium
h012,test,human,High,B2,High
h012,test,human,High,B3,Medium
h012,test,human,High,B4,High
h012,test,human,High,B5,Low
h012,test,human,High,ALERT,High
h012,test,human,High,ALERT-noGoalChecker,High
h012,test,human,High,ALERT-noPlanner,High
h012,test,human,High,ALERT-noQueryExpand,High
h013,test,human,Medium,B1,Medium
h013,test,human,Medium,B2,Medium
h013,test,human,Medium,B3,Medium
h013,test,human,Medium,B4,Medium
h013,test,human,Medium,B5,Low
h013,test,human,Medium,ALERT,Medium
h013,test,human,Medium,ALERT-noGoalChecker,Medium
h013,test,human,Medium,ALERT-noPlanner,Medium
h013,test,human,Medium,ALERT-noQueryExpand,Low
h014,test,human,Medium,B1,Low
h014,test,human,Medium,B2,Medium
h014,test,human,Medium,B3,Medium
h014,test,human,Medium,B4,High
h014,test,human,Medium,B5,Medium
h014,test,human,Medium,ALERT,Medium
h014,test,human,Medium,ALERT-noGoalChecker,Low
h014,test,human,Medium,ALERT-noPlanner,Medium
h014,test,human,Medium,ALERT-noQueryExpand,Medium
h015,test,human,Medium,B1,Medium
h015,test,human,Medium,B2,High
h015,test,human,Medium,B3,Medium
h015,test,human,Medium,B4,Medium
h015,test,human,Medium,B5,Medium
h015,test,human,Medium,ALERT,Medium
h015,test,human,Medium,ALERT-noGoalChecker,Medium
h015,test,human,Medium,ALERT-noPlanner,Medium
h015,test,human,Medium,ALERT-noQueryExpand,Medium
h016,test,human,High,B1,High
h016,test,human,High,B2,High
h016,test,human,High,B3,Medium
h016,test,human,High,B4,High
h016,test,human,High,B5,High
h016,test,human,High,ALERT,High
h016,test,human,High,ALERT-noGoalChecker,High
h016,test,human,High,ALERT-noPlanner,High
h016,test,human,High,ALERT-noQueryExpand,High
h017,test,human,High,B1,High
h017,test,human,High,B2,High
h017,test,human,High,B3,Medium
h017,test,human,High,B4,High
h017,test,human,High,B5,High
h017,test,human,High,ALERT,High
h017,test,human,High,ALERT-noGoalChecker,High
h017,test,human,High,ALERT-noPlanner,Medium
h017,test,human,High,ALERT-noQueryExpand,Medium
h018,test,human,Medium,B1,Medium
h018,test,human,Medium,B2,High
h018,test,human,Medium,B3,Medium
h018,test,human,Medium,B4,Medium
h018,test,human,Medium,B5,High
h018,test,human,Medium,ALERT,Medium
h018,test,human,Medium,ALERT-noGoalChecker,Medium
h018,test,human,Medium,ALERT-noPlanner,Medium
h018,test,human,Medium,ALERT-noQueryExpand,Medium
h019,test,human,High,B1,Medium
h019,test,human,High,B2,High
h019,test,human,High,B3,High
h019,test,human,High,B4,Medium
h019,test,human,High,B5,High
h019,test,human,High,ALERT,High
h019,test,human,High,ALERT-noGoalChecker,High
h019,test,human,High,ALERT-noPlanner,High
h019,test,human,High,ALERT-noQueryExpand,High
h020,test,human,High,B1,High
h020,test,human,High,B2,Low
h020,test,human,High,B3,High
h020,test,human,High,B4,High
h020,test,human,High,B5,High
h020,test,human,High,ALERT,High
h020,test,human,High,ALERT-noGoalChecker,Medium
h020,test,human,High,ALERT-noPlanner,High
h020,test,human,High,ALERT-noQueryExpand,High
h021,test,human,Low,B1,Low
h021,test,human,Low,B2,Low
h021,test,human,Low,B3,Low
h021,test,human,Low,B4,Low
h021,test,human,Low,B5,Medium
h021,test,human,Low,ALERT,Low
h021,test,human,Low,ALERT-noGoalChecker,Low
h021,test,human,Low,ALERT-noPlanner,Low
h021,test,human,Low,ALERT-noQueryExpand,Low
h022,test,human,Medium,B1,Medium
h022,test,human,Medium,B2,Low
h022,test,human,Medium,B3,Medium
h022,test,human,Medium,B4,Medium
h022,test,human,Medium,B5,Medium
h022,test,human,Medium,ALERT,Medium
h022,test,human,Medium,ALERT-noGoalChecker,Medium
h022,test,human,Medium,ALERT-noPlanner,Medium
h022,test,human,Medium,ALERT-noQueryExpand,High
h023,test,human,High,B1,Low
h023,test,human,High,B2,Low
h023,test,human,High,B3,Medium
h023,test,human,High,B4,High
h023,test,human,High,B5,Medium
h023,test,human,High,ALERT,High
h023,test,human,High,ALERT-noGoalChecker,High
h023,test,human,High,ALERT-noPlanner,Low
h023,test,human,High,ALERT-noQueryExpand,Medium
h024,test,human,High,B1,Low
h024,test,human,High,B2,Low
h024,test,human,High,B3,High
h024,test,human,High,B4,High
h024,test,human,High,B5,High
h024,test,human,High,ALERT,Medium
h024,test,human,High,ALERT-noGoalChecker,High
h024,test,human,High,ALERT-noPlanner,High
h024,test,human,High,ALERT-noQueryExpand,High
h025,test,human,Medium,B1,Medium
h025,test,human,Medium,B2,Medium
h025,test,human,Medium,B3,Medium
h025,test,human,Medium,B4,High
h025,test,human,Medium,B5,Medium
h025,test,human,Medium,ALERT,Low
h025,test,human,Medium,ALERT-noGoalChecker,Medium
h025,test,human,Medium,ALERT-noPlanner,Medium
h025,test,human,Medium,ALERT-noQueryExpand,Medium
h026,test,human,High,B1,High
h026,test,human,High,B2,High
h026,test,human,High,B3,High
h026,test,human,High,B4,High
h026,test,human,High,B5,High
h026,test,human,High,ALERT,High
h026,test,human,High,ALERT-noGoalChecker,High
h026,test,human,High,ALERT-noPlanner,High
h026,test,human,High,ALERT-noQueryExpand,Low
h027,test,human,Medium,B1,Low
h027,test,human,Medium,B2,High
h027,test,human,Medium,B3,Medium
h027,test,human,Medium,B4,Medium
h027,test,human,Medium,B5,Medium
h027,test,human,Medium,ALERT,Medium
h027,test,human,Medium,ALERT-noGoalChecker,Medium
h027,test,human,Medium,ALERT-noPlanner,High
h027,test,human,Medium,ALERT-noQueryExpand,Medium
h028,test,human,Medium,B1,High
h028,test,human,Medium,B2,High
h028,test,human,Medium,B3,Medium
h028,test,human,Medium,B4,Medium
h028,test,human,Medium,B5,Medium
h028,test,human,Medium,ALERT,High
h028,test,human,Medium,ALERT-noGoalChecker,Low
h028,test,human,Medium,ALERT-noPlanner,High
h028,test,human,Medium,ALERT-noQueryExpand,Medium
h029,test,human,Medium,B1,Medium
h029,test,human,Medium,B2,Medium
h029,test,human,Medium,B3,Low
h029,test,human,Medium,B4,High
h029,test,human,Medium,B5,Medium
h029,test,human,Medium,ALERT,Medium
h029,test,human,Medium,ALERT-noGoalChecker,Medium
h029,test,human,Medium,ALERT-noPlanner,High
h029,test,human,Medium,ALERT-noQueryExpand,Medium
h030,test,human,Low,B1,Medium
h030,test,human,Low,B2,Low
h030,test,human,Low,B3,Low
h030,test,human,Low,B4,Low
h030,test,human,Low,B5,Low
h030,test,human,Low,ALERT,Low
h030,test,human,Low,ALERT-noGoalChecker,Low
h030,test,human,Low,ALERT-noPlanner,Medium
h030,test,human,Low,ALERT-noQueryExpand,High
h031,test,human,Medium,B1,Medium
h031,test,human,Medium,B2,Low
h031,test,human,Medium,B3,Medium
h031,test,human,Medium,B4,Medium
h031,test,human,Medium,B5,Low
h031,test,human,Medium,ALERT,Medium
h031,test,human,Medium,ALERT-noGoalChecker,Medium
h031,test,human,Medium,ALERT-noPlanner,Medium
h031,test,human,Medium,ALERT-noQueryExpand,Medium
h032,test,human,Medium,B1,Medium
h032,test,human,Medium,B2,Medium
h032,test,human,Medium,B3,Low
h032,test,human,Medium,B4,Medium
h032,test,human,Medium,B5,Medium
h032,test,human,Medium,ALERT,Medium
h032,test,human,Medium,ALERT-noGoalChecker,Medium
h032,test,human,Medium,ALERT-noPlanner,Medium
h032,test,human,Medium,ALERT-noQueryExpand,Medium
h033,test,human,Medium,B1,High
h033,test,human,Medium,B2,Medium
h033,test,human,Medium,B3,Medium
h033,test,human,Medium,B4,High
h033,test,human,Medium,B5,Medium
h033,test,human,Medium,ALERT,Medium
h033,test,human,Medium,ALERT-noGoalChecker,High
h033,test,human,Medium,ALERT-noPlanner,Medium
h033,test,human,Medium,ALERT-noQueryExpand,Medium
h034,test,human,Medium,B1,Medium
h034,test,human,Medium,B2,Medium
h034,test,human,Medium,B3,Medium
h034,test,human,Medium,B4,Medium
h034,test,human,Medium,B5,Medium
h034,test,human,Medium,ALERT,Medium
h034,test,human,Medium,ALERT-noGoalChecker,High
h034,test,human,Medium,ALERT-noPlanner,High
h034,test,human,Medium,ALERT-noQueryExpand,Medium
h035,test,human,Medium,B1,High
h035,test,human,Medium,B2,Medium
h035,test,human,Medium,B3,High
h035,test,human,Medium,B4,Medium
h035,test,human,Medium,B5,Medium
h035,test,human,Medium,ALERT,Medium
h035,test,human,Medium,ALERT-noGoalChecker,Medium
h035,test,human,Medium,ALERT-noPlanner,Medium
h035,test,human,Medium,ALERT-noQueryExpand,Medium
h036,test,human,High,B1,High
h036,test,human,High,B2,High
h036,test,human,High,B3,Medium
h036,test,human,High,B4,High
h036,test,human,High,B5,High
h036,test,human,High,ALERT,High
h036,test,human,High,ALERT-noGoalChecker,Medium
h036,test,human,High,ALERT-noPlanner,High
h036,test,human,High,ALERT-noQueryExpand,Medium
h037,test,human,High,B1,High
h037,test,human,High,B2,High
h037,test,human,High,B3,High
h037,test,human,High,B4,Medium
h037,test,human,High,B5,High
h037,test,human,High,ALERT,High
h037,test,human,High,ALERT-noGoalChecker,Low
h037,test,human,High,ALERT-noPlanner,High
h037,test,human,High,ALERT-noQueryExpand,High
h038,test,human,Low,B1,High
h038,test,human,Low,B2,Medium
h038,test,human,Low,B3,High
h038,test,human,Low,B4,High
h038,test,human,Low,B5,High
h038,test,human,Low,ALERT,Low
h038,test,human,Low,ALERT-noGoalChecker,Low
h038,test,human,Low,ALERT-noPlanner,Low
h038,test,human,Low,ALERT-noQueryExpand,Low
h039,test,human,Low,B1,Medium
h039,test,human,Low,B2,Low
h039,test,human,Low,B3,Low
h039,test,human,Low,B4,Low
h039,test,human,Low,B5,Low
h039,test,human,Low,ALERT,High
h039,test,human,Low,ALERT-noGoalChecker,Low
h039,test,human,Low,ALERT-noPlanner,Low
h039,test,human,Low,ALERT-noQueryExpand,Low
h040,test,human,Medium,B1,High
h040,test,human,Medium,B2,Medium
h040,test,human,Medium,B3,Medium
h040,test,human,Medium,B4,Medium
h040,test,human,Medium,B5,Low
h040,test,human,Medium,ALERT,Medium
h040,test,human,Medium,ALERT-noGoalChecker,High
h040,test,human,Medium,ALERT-noPlanner,Medium
h040,test,human,Medium,ALERT-noQueryExpand,Medium
h041,test,human,Low,B1,High
h041,test,human,Low,B2,Low
h041,test,human,Low,B3,Medium
h041,test,human,Low,B4,Medium
h041,test,human,Low,B5,Medium
h041,test,human,Low,ALERT,Low
h041,test,human,Low,ALERT-noGoalChecker,Low
h041,test,human,Low,ALERT-noPlanner,Low
h041,test,human,Low,ALERT-noQueryExpand,Low
h042,test,human,Low,B1,Medium
h042,test,human,Low,B2,Low
h042,test,human,Low,B3,Low
h042,test,human,Low,B4,Low
h042,test,human,Low,B5,High
h042,test,human,Low,ALERT,Low
h042,test,human,Low,ALERT-noGoalChecker,Low
h042,test,human,Low,ALERT-noPlanner,Low
h042,test,human,Low,ALERT-noQueryExpand,Low
h043,test,human,High,B1,High
h043,test,human,High,B2,High
h043,test,human,High,B3,High
h043,test,human,High,B4,High
h043,test,human,High,B5,High
h043,test,human,High,ALERT,High
h043,test,human,High,ALERT-noGoalChecker,High
h043,test,human,High,ALERT-noPlanner,High
h043,test,human,High,ALERT-noQueryExpand,High
h044,test,human,Low,B1,Low
h044,test,human,Low,B2,High
h044,test,human,Low,B3,High
h044,test,human,Low,B4,Low
h044,test,human,Low,B5,Low
h044,test,human,Low,ALERT,High
h044,test,human,Low,ALERT-noGoalChecker,Low
h044,test,human,Low,ALERT-noPlanner,Low
h044,test,human,Low,ALERT-noQueryExpand,Low
h045,test,human,Medium,B1,Medium
h045,test,human,Medium,B2,Medium
h045,test,human,Medium,B3,High
h045,test,human,Medium,B4,High
h045,test,human,Medium,B5,Medium
h045,test,human,Medium,ALERT,Medium
h045,test,human,Medium,ALERT-noGoalChecker,High
h045,test,human,Medium,ALERT-noPlanner,Medium
h045,test,human,Medium,ALERT-noQueryExpand,Medium
h046,test,human,Medium,B1,High
h046,test,human,Medium,B2,Medium
h046,test,human,Medium,B3,Medium
h046,test,human,Medium,B4,Medium
h046,test,human,Medium,B5,Medium
h046,test,human,Medium,ALERT,Medium
h046,test,human,Medium,ALERT-noGoalChecker,Medium
h046,test,human,Medium,ALERT-noPlanner,Medium
h046,test,human,Medium,ALERT-noQueryExpand,Medium
h047,test,human,High,B1,Low
h047,test,human,High,B2,Low
h047,test,human,High,B3,High
h047,test,human,High,B4,High
h047,test,human,High,B5,Medium
h047,test,human,High,ALERT,High
h047,test,human,High,ALERT-noGoalChecker,High
h047,test,human,High,ALERT-noPlanner,High
h047,test,human,High,ALERT-noQueryExpand,High
h048,test,human,Medium,B1,Low
h048,test,human,Medium,B2,High
h048,test,human,Medium,B3,Medium
h048,test,human,Medium,B4,Low
h048,test,human,Medium,B5,Medium
h048,test,human,Medium,ALERT,Low
h048,test,human,Medium,ALERT-noGoalChecker,Medium
h048,test,human,Medium,ALERT-noPlanner,Medium
h048,test,human,Medium,ALERT-noQueryExpand,Medium
h049,test,human,Medium,B1,Low
h049,test,human,Medium,B2,Medium
h049,test,human,Medium,B3,Medium
h049,test,human,Medium,B4,Medium
h049,test,human,Medium,B5,Medium
h049,test,human,Medium,ALERT,Low
h049,test,human,Medium,ALERT-noGoalChecker,Medium
h049,test,human,Medium,ALERT-noPlanner,Low
h049,test,human,Medium,ALERT-noQueryExpand,Medium
h050,test,human,High,B1,High
h050,test,human,High,B2,Low
h050,test,human,High,B3,High
h050,test,human,High,B4,Medium
h050,test,human,High,B5,High
h050,test,human,High,ALERT,High
h050,test,human,High,ALERT-noGoalChecker,High
h050,test,human,High,ALERT-noPlanner,Medium
h050,test,human,High,ALERT-noQueryExpand,High
h051,test,human,Medium,B1,Medium
h051,test,human,Medium,B2,Medium
h051,test,human,Medium,B3,Medium
h051,test,human,Medium,B4,Medium
h051,test,human,Medium,B5,High
h051,test,human,Medium,ALERT,Medium
h051,test,human,Medium,ALERT-noGoalChecker,Medium
h051,test,human,Medium,ALERT-noPlanner,Medium
h051,test,human,Medium,ALERT-noQueryExpand,High
h052,test,human,High,B1,High
h052,test,human,High,B2,Low
h052,test,human,High,B3,High
h052,test,human,High,B4,High
h052,test,human,High,B5,High
h052,test,human,High,ALERT,High
h052,test,human,High,ALERT-noGoalChecker,High
h052,test,human,High,ALERT-noPlanner,High
h052,test,human,High,ALERT-noQueryExpand,High
h053,test,human,Medium,B1,Medium
h053,test,human,Medium,B2,Low
h053,test,human,Medium,B3,Medium
h053,test,human,Medium,B4,Medium
h053,test,human,Medium,B5,Medium
h053,test,human,Medium,ALERT,Medium
h053,test,human,Medium,ALERT-noGoalChecker,Medium
h053,test,human,Medium,ALERT-noPlanner,Medium
h053,test,human,Medium,ALERT-noQueryExpand,Medium
h054,test,human,High,B1,High
h054,test,human,High,B2,High
h054,test,human,High,B3,High
h054,test,human,High,B4,Medium
h054,test,human,High,B5,Low
h054,test,human,High,ALERT,Medium
h054,test,human,High,ALERT-noGoalChecker,High
h054,test,human,High,ALERT-noPlanner,Medium
h054,test,human,High,ALERT-noQueryExpand,High
h055,test,human,Low,B1,High
h055,test,human,Low,B2,Low
h055,test,human,Low,B3,High
h055,test,human,Low,B4,High
h055,test,human,Low,B5,Low
h055,test,human,Low,ALERT,Low
h055,test,human,Low,ALERT-noGoalChecker,Low
h055,test,human,Low,ALERT-noPlanner,Low
h055,test,human,Low,ALERT-noQueryExpand,Low
h056,test,human,High,B1,Low
h056,test,human,High,B2,High
h056,test,human,High,B3,Low
h056,test,human,High,B4,High
h056,test,human,High,B5,High
h056,test,human,High,ALERT,Low
h056,test,human,High,ALERT-noGoalChecker,High
h056,test,human,High,ALERT-noPlanner,High
h056,test,human,High,ALERT-noQueryExpand,Low
h057,test,human,High,B1,High
h057,test,human,High,B2,Low
h057,test,human,High,B3,High
h057,test,human,High,B4,High
h057,test,human,High,B5,High
h057,test,human,High,ALERT,High
h057,test,human,High,ALERT-noGoalChecker,High
h057,test,human,High,ALERT-noPlanner,High
h057,test,human,High,ALERT-noQueryExpand,High
h058,test,human,High,B1,High
h058,test,human,High,B2,High
h058,test,human,High,B3,Low
h058,test,human,High,B4,High
h058,test,human,High,B5,High
h058,test,human,High,ALERT,Medium
h058,test,human,High,ALERT-noGoalChecker,High
h058,test,human,High,ALERT-noPlanner,High
h058,test,human,High,ALERT-noQueryExpand,Low
h059,test,human,High,B1,Medium
h059,test,human,High,B2,High
h059,test,human,High,B3,High
h059,test,human,High,B4,Medium
h059,test,human,High,B5,Low
h059,test,human,High,ALERT,Medium
h059,test,human,High,ALERT-noGoalChecker,Medium
h059,test,human,High,ALERT-noPlanner,Medium
h059,test,human,High,ALERT-noQueryExpand,High
h060,test,human,Medium,B1,Medium
h060,test,human,Medium,B2,Medium
h060,test,human,Medium,B3,Medium
h060,test,human,Medium,B4,Low
h060,test,human,Medium,B5,Medium
h060,test,human,Medium,ALERT,Low
h060,test,human,Medium,ALERT-noGoalChecker,Medium
h060,test,human,Medium,ALERT-noPlanner,Medium
h060,test,human,Medium,ALERT-noQueryExpand,Medium
h061,test,human,Medium,B1,Medium
h061,test,human,Medium,B2,Medium
h061,test,human,Medium,B3,High
h061,test,human,Medium,B4,Low
h061,test,human,Medium,B5,High
h061,test,human,Medium,ALERT,Medium
h061,test,human,Medium,ALERT-noGoalChecker,Medium
h061,test,human,Medium,ALERT-noPlanner,High
h061,test,human,Medium,ALERT-noQueryExpand,Medium
h062,test,human,High,B1,High
h062,test,human,High,B2,High
h062,test,human,High,B3,High
h062,test,human,High,B4,High
h062,test,human,High,B5,High
h062,test,human,High,ALERT,Low
h062,test,human,High,ALERT-noGoalChecker,High
h062,test,human,High,ALERT-noPlanner,High
h062,test,human,High,ALERT-noQueryExpand,Low
h063,test,human,Medium,B1,Low
h063,test,human,Medium,B2,Medium
h063,test,human,Medium,B3,High
h063,test,human,Medium,B4,Medium
h063,test,human,Medium,B5,Medium
h063,test,human,Medium,ALERT,Medium
h063,test,human,Medium,ALERT-noGoalChecker,Medium
h063,test,human,Medium,ALERT-noPlanner,Medium
h063,test,human,Medium,ALERT-noQueryExpand,Medium
h064,test,human,High,B1,Medium
h064,test,human,High,B2,Medium
h064,test,human,High,B3,High
h064,test,human,High,B4,High
h064,test,human,High,B5,High
h064,test,human,High,ALERT,High
h064,test,human,High,ALERT-noGoalChecker,Low
h064,test,human,High,ALERT-noPlanner,High
h064,test,human,High,ALERT-noQueryExpand,High
h065,test,human,Low,B1,High
h065,test,human,Low,B2,Low
h065,test,human,Low,B3,Low
h065,test,human,Low,B4,Low
h065,test,human,Low,B5,Low
h065,test,human,Low,ALERT,Low
h065,test,human,Low,ALERT-noGoalChecker,Low
h065,test,human,Low,ALERT-noPlanner,Low
h065,test,human,Low,ALERT-noQueryExpand,Low
h066,test,human,Low,B1,Medium
h066,test,human,Low,B2,Low
h066,test,human,Low,B3,Low
h066,test,human,Low,B4,Low
h066,test,human,Low,B5,Low
h066,test,human,Low,ALERT,Low
h066,test,human,Low,ALERT-noGoalChecker,Low
h066,test,human,Low,ALERT-noPlanner,Low
h066,test,human,Low,ALERT-noQueryExpand,Low
h067,test,human,Low,B1,Low
h067,test,human,Low,B2,Low
h067,test,human,Low,B3,Low
h067,test,human,Low,B4,Low
h067,test,human,Low,B5,Low
h067,test,human,Low,ALERT,Low
h067,test,human,Low,ALERT-noGoalChecker,Medium
h067,test,human,Low,ALERT-noPlanner,Low
h067,test,human,Low,ALERT-noQueryExpand,Low
h068,test,human,Medium,B1,Medium
h068,test,human,Medium,B2,Medium
h068,test,human,Medium,B3,Medium
h068,test,human,Medium,B4,Medium
h068,test,human,Medium,B5,Medium
h068,test,human,Medium,ALERT,Medium
h068,test,human,Medium,ALERT-noGoalChecker,Medium
h068,test,human,Medium,ALERT-noPlanner,Low
h068,test,human,Medium,ALERT-noQueryExpand,Medium
h069,test,human,Low,B1,Low
h069,test,human,Low,B2,High
h069,test,human,Low,B3,Low
h069,test,human,Low,B4,Low
h069,test,human,Low,B5,Low
h069,test,human,Low,ALERT,Low
h069,test,human,Low,ALERT-noGoalChecker,Low
h069,test,human,Low,ALERT-noPlanner,Low
h069,test,human,Low,ALERT-noQueryExpand,Low
h070,test,human,Medium,B1,Medium
h070,test,human,Medium,B2,Medium
h070,test,human,Medium,B3,Medium
h070,test,human,Medium,B4,Medium
h070,test,human,Medium,B5,Medium
h070,test,human,Medium,ALERT,Medium
h070,test,human,Medium,ALERT-noGoalChecker,Medium
h070,test,human,Medium,ALERT-noPlanner,Medium
h070,test,human,Medium,ALERT-noQueryExpand,Medium
h071,test,human,Low,B1,Medium
h071,test,human,Low,B2,Low
h071,test,human,Low,B3,Low
h071,test,human,Low,B4,Medium
h071,test,human,Low,B5,Low
h071,test,human,Low,ALERT,Low
h071,test,human,Low,ALERT-noGoalChecker,Low
h071,test,human,Low,ALERT-noPlanner,Low
h071,test,human,Low,ALERT-noQueryExpand,Low
h072,test,human,Low,B1,Low
h072,test,human,Low,B2,Low
h072,test,human,Low,B3,Low
h072,test,human,Low,B4,Low
h072,test,human,Low,B5,Low
h072,test,human,Low,ALERT,Low
h072,test,human,Low,ALERT-noGoalChecker,Medium
h072,test,human,Low,ALERT-noPlanner,Low
h072,test,human,Low,ALERT-noQueryExpand,Low
h073,test,human,Medium,B1,Low
h073,test,human,Medium,B2,Medium
h073,test,human,Medium,B3,Medium
h073,test,human,Medium,B4,Medium
h073,test,human,Medium,B5,High
h073,test,human,Medium,ALERT,Medium
h073,test,human,Medium,ALERT-noGoalChecker,Low
h073,test,human,Medium,ALERT-noPlanner,Medium
h073,test,human,Medium,ALERT-noQueryExpand,Medium
h074,test,human,High,B1,High
h074,test,human,High,B2,High
h074,test,human,High,B3,High
h074,test,human,High,B4,Low
h074,test,human,High,B5,High
h074,test,human,High,ALERT,High
h074,test,human,High,ALERT-noGoalChecker,Low
h074,test,human,High,ALERT-noPlanner,Low
h074,test,human,High,ALERT-noQueryExpand,Low
h075,test,human,Low,B1,Medium
h075,test,human,Low,B2,Low
h075,test,human,Low,B3,Low
h075,test,human,Low,B4,Low
h075,test,human,Low,B5,Low
h075,test,human,Low,ALERT,Low
h075,test,human,Low,ALERT-noGoalChecker,Low
h075,test,human,Low,ALERT-noPlanner,Low
h075,test,human,Low,ALERT-noQueryExpand,Low
h076,test,human,Medium,B1,High
h076,test,human,Medium,B2,Medium
h076,test,human,Medium,B3,High
h076,test,human,Medium,B4,Medium
h076,test,human,Medium,B5,Medium
h076,test,human,Medium,ALERT,Low
h076,test,human,Medium,ALERT-noGoalChecker,Medium
h076,test,human,Medium,ALERT-noPlanner,Medium
h076,test,human,Medium,ALERT-noQueryExpand,High
h077,test,human,High,B1,Medium
h077,test,human,High,B2,Medium
h077,test,human,High,B3,High
h077,test,human,High,B4,High
h077,test,human,High,B5,High
h077,test,human,High,ALERT,High
h077,test,human,High,ALERT-noGoalChecker,High
h077,test,human,High,ALERT-noPlanner,High
h077,test,human,High,ALERT-noQueryExpand,Low
h078,test,human,Low,B1,Low
h078,test,human,Low,B2,High
h078,test,human,Low,B3,Medium
h078,test,human,Low,B4,Low
h078,test,human,Low,B5,Low
h078,test,human,Low,ALERT,Low
h078,test,human,Low,ALERT-noGoalChecker,Low
h078,test,human,Low,ALERT-noPlanner,Low
h078,test,human,Low,ALERT-noQueryExpand,Low
h079,test,human,High,B1,Low
h079,test,human,High,B2,High
h079,test,human,High,B3,High
h079,test,human,High,B4,High
h079,test,human,High,B5,High
h079,test,human,High,ALERT,High
h079,test,human,High,ALERT-noGoalChecker,High
h079,test,human,High,ALERT-noPlanner,High
h079,test,human,High,ALERT-noQueryExpand,High
h080,test,human,Medium,B1,Medium
h080,test,human,Medium,B2,Medium
h080,test,human,Medium,B3,Medium
h080,test,human,Medium,B4,Medium
h080,test,human,Medium,B5,Medium
h080,test,human,Medium,ALERT,Medium
h080,test,human,Medium,ALERT-noGoalChecker,Medium
h080,test,human,Medium,ALERT-noPlanner,High
h080,test,human,Medium,ALERT-noQueryExpand,Medium
h081,test,human,Medium,B1,Low
h081,test,human,Medium,B2,Medium
h081,test,human,Medium,B3,Medium
h081,test,human,Medium,B4,Low
h081,test,human,Medium,B5,Medium
h081,test,human,Medium,ALERT,Medium
h081,test,human,Medium,ALERT-noGoalChecker,Medium
h081,test,human,Medium,ALERT-noPlanner,Medium
h081,test,human,Medium,ALERT-noQueryExpand,Medium
r000,test,retained,Medium,B1,Medium
r000,test,retained,Medium,B2,Medium
r000,test,retained,Medium,B3,Medium
r000,test,retained,Medium,B4,Medium
r000,test,retained,Medium,B5,Medium
r000,test,retained,Medium,ALERT,Medium
r000,test,retained,Medium,ALERT-noGoalChecker,Medium
r000,test,retained,Medium,ALERT-noPlanner,Medium
r000,test,retained,Medium,ALERT-noQueryExpand,Medium
r001,test,retained,Medium,B1,Low
r001,test,retained,Medium,B2,Medium
r001,test,retained,Medium,B3,Medium
r001,test,retained,Medium,B4,Medium
r001,test,retained,Medium,B5,Low
r001,test,retained,Medium,ALERT,Low
r001,test,retained,Medium,ALERT-noGoalChecker,Low
r001,test,retained,Medium,ALERT-noPlanner,Medium
r001,test,retained,Medium,ALERT-noQueryExpand,Medium
r002,test,retained,High,B1,High
r002,test,retained,High,B2,High
r002,test,retained,High,B3,High
r002,test,retained,High,B4,High
r002,test,retained,High,B5,High
r002,test,retained,High,ALERT,High
r002,test,retained,High,ALERT-noGoalChecker,Low
r002,test,retained,High,ALERT-noPlanner,High
r002,test,retained,High,ALERT-noQueryExpand,High
r003,test,retained,Medium,B1,Medium
r003,test,retained,Medium,B2,Medium
r003,test,retained,Medium,B3,Medium
r003,test,retained,Medium,B4,Medium
r003,test,retained,Medium,B5,Medium
r003,test,retained,Medium,ALERT,Low
r003,test,retained,Medium,ALERT-noGoalChecker,Medium
r003,test,retained,Medium,ALERT-noPlanner,Medium
r003,test,retained,Medium,ALERT-noQueryExpand,Medium
r004,test,retained,High,B1,High
r004,test,retained,High,B2,High
r004,test,retained,High,B3,High
r004,test,retained,High,B4,High
r004,test,retained,High,B5,High
r004,test,retained,High,ALERT,Low
r004,test,retained,High,ALERT-noGoalChecker,Low
r004,test,retained,High,ALERT-noPlanner,High
r004,test,retained,High,ALERT-noQueryExpand,Low
r005,test,retained,Low,B1,Low
r005,test,retained,Low,B2,Low
r005,test,retained,Low,B3,Low
r005,test,retained,Low,B4,Medium
r005,test,retained,Low,B5,Low
r005,test,retained,Low,ALERT,Medium
r005,test,retained,Low,ALERT-noGoalChecker,Low
r005,test,retained,Low,ALERT-noPlanner,High
r005,test,retained,Low,ALERT-noQueryExpand,Medium
r006,test,retained,Medium,B1,High
r006,test,retained,Medium,B2,Medium
r006,test,retained,Medium,B3,High
r006,test,retained,Medium,B4,Medium
r006,test,retained,Medium,B5,Low
r006,test,retained,Medium,ALERT,Low
r006,test,retained,Medium,ALERT-noGoalChecker,High
r006,test,retained,Medium,ALERT-noPlanner,High
r006,test,retained,Medium,ALERT-noQueryExpand,Medium
r007,test,retained,Low,B1,High
r007,test,retained,Low,B2,Low
r007,test,retained,Low,B3,Low
r007,test,retained,Low,B4,Low
r007,test,retained,Low,B5,Low
r007,test,retained,Low,ALERT,Low
r007,test,retained,Low,ALERT-noGoalChecker,Low
r007,test,retained,Low,ALERT-noPlanner,Low
r007,test,retained,Low,ALERT-noQueryExpand,Medium
r008,test,retained,Medium,B1,Medium
r008,test,retained,Medium,B2,High
r008,test,retained,Medium,B3,Medium
r008,test,retained,Medium,B4,Medium
r008,test,retained,Medium,B5,Medium
r008,test,retained,Medium,ALERT,Medium
r008,test,retained,Medium,ALERT-noGoalChecker,Low
r008,test,retained,Medium,ALERT-noPlanner,Low
r008,test,retained,Medium,ALERT-noQueryExpand,Medium
r009,test,retained,Medium,B1,Medium
r009,test,retained,Medium,B2,Low
r009,test,retained,Medium,B3,Medium
r009,test,retained,Medium,B4,Medium
r009,test,retained,Medium,B5,Medium
r009,test,retained,Medium,ALERT,Medium
r009,test,retained,Medium,ALERT-noGoalChecker,Medium
r009,test,retained,Medium,ALERT-noPlanner,Medium
r009,test,retained,Medium,ALERT-noQueryExpand,Medium
r010,test,retained,Medium,B1,Medium
r010,test,retained,Medium,B2,High
r010,test,retained,Medium,B3,Medium
r010,test,retained,Medium,B4,High
r010,test,retained,Medium,B5,Medium
r010,test,retained,Medium,ALERT,Medium
r010,test,retained,Medium,ALERT-noGoalChecker,High
r010,test,retained,Medium,ALERT-noPlanner,Medium
r010,test,retained,Medium,ALERT-noQueryExpand,Medium
r011,test,retained,Medium,B1,Medium
r011,test,retained,Medium,B2,Low
r011,test,retained,Medium,B3,Medium
r011,test,retained,Medium,B4,Medium
r011,test,retained,Medium,B5,Medium
r011,test,retained,Medium,ALERT,Medium
r011,test,retained,Medium,ALERT-noGoalChecker,Medium
r011,test,retained,Medium,ALERT-noPlanner,Medium
r011,test,retained,Medium,ALERT-noQueryExpand,Medium
r012,test,retained,Medium,B1,Medium
r012,test,retained,Medium,B2,Low
r012,test,retained,Medium,B3,Medium
r012,test,retained,Medium,B4,Medium
r012,test,retained,Medium,B5,Medium
r012,test,retained,Medium,ALERT,Medium
r012,test,retained,Medium,ALERT-noGoalChecker,Medium
r012,test,retained,Medium,ALERT-noPlanner,Medium
r012,test,retained,Medium,ALERT-noQueryExpand,Medium
r013,test,retained,Low,B1,Medium
r013,test,retained,Low,B2,Low
r013,test,retained,Low,B3,Low
r013,test,retained,Low,B4,Low
r013,test,retained,Low,B5,Low
r013,test,retained,Low,ALERT,Low
r013,test,retained,Low,ALERT-noGoalChecker,Low
r013,test,retained,Low,ALERT-noPlanner,Low
r013,test,retained,Low,ALERT-noQueryExpand,High
r014,test,retained,Medium,B1,Medium
r014,test,retained,Medium,B2,Medium
r014,test,retained,Medium,B3,Medium
r014,test,retained,Medium,B4,Medium
r014,test,retained,Medium,B5,High
r014,test,retained,Medium,ALERT,Medium
r014,test,retained,Medium,ALERT-noGoalChecker,Medium
r014,test,retained,Medium,ALERT-noPlanner,Medium
r014,test,retained,Medium,ALERT-noQueryExpand,Medium
r015,test,retained,Medium,B1,Medium
r015,test,retained,Medium,B2,Medium
r015,test,retained,Medium,B3,Medium
r015,test,retained,Medium,B4,Medium
r015,test,retained,Medium,B5,Low
r015,test,retained,Medium,ALERT,Medium
r015,test,retained,Medium,ALERT-noGoalChecker,Medium
r015,test,retained,Medium,ALERT-noPlanner,High
r015,test,retained,Medium,ALERT-noQueryExpand,Medium
r016,test,retained,High,B1,High
r016,test,retained,High,B2,High
r016,test,retained,High,B3,High
r016,test,retained,High,B4,Medium
r016,test,retained,High,B5,High
r016,test,retained,High,ALERT,High
r016,test,retained,High,ALERT-noGoalChecker,High
r016,test,retained,High,ALERT-noPlanner,Medium
r016,test,retained,High,ALERT-noQueryExpand,High
r017,test,retained,High,B1,Low
r017,test,retained,High,B2,Medium
r017,test,retained,High,B3,Medium
r017,test,retained,High,B4,High
r017,test,retained,High,B5,High
r017,test,retained,High,ALERT,High
r017,test,retained,High,ALERT-noGoalChecker,High
r017,test,retained,High,ALERT-noPlanner,High
r017,test,retained,High,ALERT-noQueryExpand,Low
r018,test,retained,Medium,B1,High
r018,test,retained,Medium,B2,Medium
r018,test,retained,Medium,B3,Medium
r018,test,retained,Medium,B4,Medium
r018,test,retained,Medium,B5,Medium
r018,test,retained,Medium,ALERT,High
r018,test,retained,Medium,ALERT-noGoalChecker,Medium
r018,test,retained,Medium,ALERT-noPlanner,Low
r018,test,retained,Medium,ALERT-noQueryExpand,Medium
r019,test,retained,Low,B1,Low
r019,test,retained,Low,B2,Low
r019,test,retained,Low,B3,Low
r019,test,retained,Low,B4,Low
r019,test,retained,Low,B5,Low
r019,test,retained,Low,ALERT,Low
r019,test,retained,Low,ALERT-noGoalChecker,High
r019,test,retained,Low,ALERT-noPlanner,Low
r019,test,retained,Low,ALERT-noQueryExpand,Low
r020,test,retained,High,B1,Low
r020,test,retained,High,B2,High
r020,test,retained,High,B3,High
r020,test,retained,High,B4,High
r020,test,retained,High,B5,High
r020,test,retained,High,ALERT,High
r020,test,retained,High,ALERT-noGoalChecker,High
r020,test,retained,High,ALERT-noPlanner,High
r020,test,retained,High,ALERT-noQueryExpand,High
r021,test,retained,Medium,B1,High
r021,test,retained,Medium,B2,Medium
r021,test,retained,Medium,B3,Medium
r021,test,retained,Medium,B4,Medium
r021,test,retained,Medium,B5,Medium
r021,test,retained,Medium,ALERT,Medium
r021,test,retained,Medium,ALERT-noGoalChecker,Medium
r021,test,retained,Medium,ALERT-noPlanner,Medium
r021,test,retained,Medium,ALERT-noQueryExpand,Medium
r022,test,retained,Low,B1,Medium
r022,test,retained,Low,B2,Low
r022,test,retained,Low,B3,High
r022,test,retained,Low,B4,Low
r022,test,retained,Low,B5,Low
r022,test,retained,Low,ALERT,Low
r022,test,retained,Low,ALERT-noGoalChecker,Low
r022,test,retained,Low,ALERT-noPlanner,High
r022,test,retained,Low,ALERT-noQueryExpand,Low
r023,test,retained,Medium,B1,Low
r023,test,retained,Medium,B2,Medium
r023,test,retained,Medium,B3,Medium
r023,test,retained,Medium,B4,Medium
r023,test,retained,Medium,B5,Medium
r023,test,retained,Medium,ALERT,Medium
r023,test,retained,Medium,ALERT-noGoalChecker,Medium
r023,test,retained,Medium,ALERT-noPlanner,Medium
r023,test,retained,Medium,ALERT-noQueryExpand,Medium
r024,test,retained,Low,B1,Medium
r024,test,retained,Low,B2,Low
r024,test,retained,Low,B3,High
r024,test,retained,Low,B4,Low
r024,test,retained,Low,B5,Low
r024,test,retained,Low,ALERT,Low
r024,test,retained,Low,ALERT-noGoalChecker,Low
r024,test,retained,Low,ALERT-noPlanner,Medium
r024,test,retained,Low,ALERT-noQueryExpand,Low
r025,test,retained,Medium,B1,Medium
r025,test,retained,Medium,B2,Low
r025,test,retained,Medium,B3,Medium
r025,test,retained,Medium,B4,Medium
r025,test,retained,Medium,B5,High
r025,test,retained,Medium,ALERT,Medium
r025,test,retained,Medium,ALERT-noGoalChecker,Medium
r025,test,retained,Medium,ALERT-noPlanner,Low
r025,test,retained,Medium,ALERT-noQueryExpand,Medium
r026,test,retained,Medium,B1,Medium
r026,test,retained,Medium,B2,Low
r026,test,retained,Medium,B3,Low
r026,test,retained,Medium,B4,Medium
r026,test,retained,Medium,B5,Medium
r026,test,retained,Medium,ALERT,Medium
r026,test,retained,Medium,ALERT-noGoalChecker,Medium
r026,test,retained,Medium,ALERT-noPlanner,Medium
r026,test,retained,Medium,ALERT-noQueryExpand,Low
r027,test,retained,High,B1,High
r027,test,retained,High,B2,High
r027,test,retained,High,B3,High
r027,test,retained,High,B4,High
r027,test,retained,High,B5,High
r027,test,retained,High,ALERT,High
r027,test,retained,High,ALERT-noGoalChecker,High
r027,test,retained,High,ALERT-noPlanner,High
r027,test,retained,High,ALERT-noQueryExpand,High
r028,test,retained,High,B1,High
r028,test,retained,High,B2,Low
r028,test,retained,High,B3,High
r028,test,retained,High,B4,High
r028,test,retained,High,B5,High
r028,test,retained,High,ALERT,High
r028,test,retained,High,ALERT-noGoalChecker,High
r028,test,retained,High,ALERT-noPlanner,High
r028,test,retained,High,ALERT-noQueryExpand,Low
r029,test,retained,Medium,B1,Medium
r029,test,retained,Medium,B2,Medium
r029,test,retained,Medium,B3,Medium
r029,test,retained,Medium,B4,Medium
r029,test,retained,Medium,B5,Medium
r029,test,retained,Medium,ALERT,Medium
r029,test,retained,Medium,ALERT-noGoalChecker,Low
r029,test,retained,Medium,ALERT-noPlanner,Medium
r029,test,retained,Medium,ALERT-noQueryExpand,Medium
r030,test,retained,Medium,B1,Medium
r030,test,retained,Medium,B2,Medium
r030,test,retained,Medium,B3,Medium
r030,test,retained,Medium,B4,Medium
r030,test,retained,Medium,B5,Low
r030,test,retained,Medium,ALERT,Medium
r030,test,retained,Medium,ALERT-noGoalChecker,Medium
r030,test,retained,Medium,ALERT-noPlanner,Medium
r030,test,retained,Medium,ALERT-noQueryExpand,Medium
r031,test,retained,Medium,B1,High
r031,test,retained,Medium,B2,Medium
r031,test,retained,Medium,B3,Medium
r031,test,retained,Medium,B4,Medium
r031,test,retained,Medium,B5,Medium
r031,test,retained,Medium,ALERT,Medium
r031,test,retained,Medium,ALERT-noGoalChecker,Medium
r031,test,retained,Medium,ALERT-noPlanner,Medium
r031,test,retained,Medium,ALERT-noQueryExpand,Medium
r032,test,retained,Medium,B1,Medium
r032,test,retained,Medium,B2,High
r032,test,retained,Medium,B3,Medium
r032,test,retained,Medium,B4,Medium
r032,test,retained,Medium,B5,High
r032,test,retained,Medium,ALERT,Medium
r032,test,retained,Medium,ALERT-noGoalChecker,Medium
r032,test,retained,Medium,ALERT-noPlanner,Medium
r032,test,retained,Medium,ALERT-noQueryExpand,High
r033,test,retained,Low,B1,High
r033,test,retained,Low,B2,Low
r033,test,retained,Low,B3,Medium
r033,test,retained,Low,B4,Low
r033,test,retained,Low,B5,Low
r033,test,retained,Low,ALERT,Low
r033,test,retained,Low,ALERT-noGoalChecker,Low
r033,test,retained,Low,ALERT-noPlanner,Low
r033,test,retained,Low,ALERT-noQueryExpand,Low
r034,test,retained,High,B1,Medium
r034,test,retained,High,B2,High
r034,test,retained,High,B3,Low
r034,test,retained,High,B4,Medium
r034,test,retained,High,B5,High
r034,test,retained,High,ALERT,High
r034,test,retained,High,ALERT-noGoalChecker,Low
r034,test,retained,High,ALERT-noPlanner,High
r034,test,retained,High,ALERT-noQueryExpand,High
r035,test,retained,Low,B1,Low
r035,test,retained,Low,B2,Low
r035,test,retained,Low,B3,Low
r035,test,retained,Low,B4,Low
r035,test,retained,Low,B5,Low
r035,test,retained,Low,ALERT,Low
r035,test,retained,Low,ALERT-noGoalChecker,Low
r035,test,retained,Low,ALERT-noPlanner,Low
r035,test,retained,Low,ALERT-noQueryExpand,Low
r036,test,retained,Medium,B1,Medium
r036,test,retained,Medium,B2,Medium
r036,test,retained,Medium,B3,Medium
r036,test,retained,Medium,B4,Low
r036,test,retained,Medium,B5,Medium
r036,test,retained,Medium,ALERT,Medium
r036,test,retained,Medium,ALERT-noGoalChecker,Medium
r036,test,retained,Medium,ALERT-noPlanner,Medium
r036,test,retained,Medium,ALERT-noQueryExpand,Medium
r037,test,retained,Medium,B1,Medium
r037,test,retained,Medium,B2,Low
r037,test,retained,Medium,B3,Medium
r037,test,retained,Medium,B4,Medium
r037,test,retained,Medium,B5,Medium
r037,test,retained,Medium,ALERT,Medium
r037,test,retained,Medium,ALERT-noGoalChecker,Medium
r037,test,retained,Medium,ALERT-noPlanner,Medium
r037,test,retained,Medium,ALERT-noQueryExpand,Medium
r038,test,retained,High,B1,Medium
r038,test,retained,High,B2,Medium
r038,test,retained,High,B3,High
r038,test,retained,High,B4,Low
r038,test,retained,High,B5,High
r038,test,retained,High,ALERT,High
r038,test,retained,High,ALERT-noGoalChecker,High
r038,test,retained,High,ALERT-noPlanner,Medium
r038,test,retained,High,ALERT-noQueryExpand,Low
r039,test,retained,Medium,B1,High
r039,test,retained,Medium,B2,Medium
r039,test,retained,Medium,B3,Medium
r039,test,retained,Medium,B4,Medium
r039,test,retained,Medium,B5,Low
r039,test,retained,Medium,ALERT,Medium
r039,test,retained,Medium,ALERT-noGoalChecker,Medium
r039,test,retained,Medium,ALERT-noPlanner,Medium
r039,test,retained,Medium,ALERT-noQueryExpand,Medium
r040,test,retained,Medium,B1,High
r040,test,retained,Medium,B2,Medium
r040,test,retained,Medium,B3,Medium
r040,test,retained,Medium,B4,Medium
r040,test,retained,Medium,B5,High
r040,test,retained,Medium,ALERT,Medium
r040,test,retained,Medium,ALERT-noGoalChecker,Medium
r040,test,retained,Medium,ALERT-noPlanner,Medium
r040,test,retained,Medium,ALERT-noQueryExpand,Low
r041,test,retained,Medium,B1,Medium
r041,test,retained,Medium,B2,Low
r041,test,retained,Medium,B3,High
r041,test,retained,Medium,B4,Medium
r041,test,retained,Medium,B5,Medium
r041,test,retained,Medium,ALERT,Medium
r041,test,retained,Medium,ALERT-noGoalChecker,Medium
r041,test,retained,Medium,ALERT-noPlanner,Medium
r041,test,retained,Medium,ALERT-noQueryExpand,High
r042,test,retained,Medium,B1,High
r042,test,retained,Medium,B2,Low
r042,test,retained,Medium,B3,Medium
r042,test,retained,Medium,B4,Low
r042,test,retained,Medium,B5,High
r042,test,retained,Medium,ALERT,Medium
r042,test,retained,Medium,ALERT-noGoalChecker,Medium
r042,test,retained,Medium,ALERT-noPlanner,Medium
r042,test,retained,Medium,ALERT-noQueryExpand,Medium
r043,test,retained,Medium,B1,High
r043,test,retained,Medium,B2,Medium
r043,test,retained,Medium,B3,Medium
r043,test,retained,Medium,B4,Medium
r043,test,retained,Medium,B5,Low
r043,test,retained,Medium,ALERT,Medium
r043,test,retained,Medium,ALERT-noGoalChecker,High
r043,test,retained,Medium,ALERT-noPlanner,Medium
r043,test,retained,Medium,ALERT-noQueryExpand,Medium
r044,test,retained,Medium,B1,Medium
r044,test,retained,Medium,B2,Medium
r044,test,retained,Medium,B3,Low
r044,test,retained,Medium,B4,Medium
r044,test,retained,Medium,B5,Medium
r044,test,retained,Medium,ALERT,Medium
r044,test,retained,Medium,ALERT-noGoalChecker,Medium
r044,test,retained,Medium,ALERT-noPlanner,Medium
r044,test,retained,Medium,ALERT-noQueryExpand,High
r045,test,retained,Low,B1,High
r045,test,retained,Low,B2,High
r045,test,retained,Low,B3,Low
r045,test,retained,Low,B4,Low
r045,test,retained,Low,B5,Low
r045,test,retained,Low,ALERT,Low
r045,test,retained,Low,ALERT-noGoalChecker,Low
r045,test,retained,Low,ALERT-noPlanner,Low
r045,test,retained,Low,ALERT-noQueryExpand,Low
r046,test,retained,Medium,B1,High
r046,test,retained,Medium,B2,Medium
r046,test,retained,Medium,B3,Medium
r046,test,retained,Medium,B4,Low
r046,test,retained,Medium,B5,Medium
r046,test,retained,Medium,ALERT,Medium
r046,test,retained,Medium,ALERT-noGoalChecker,Medium
r046,test,retained,Medium,ALERT-noPlanner,Medium
r046,test,retained,Medium,ALERT-noQueryExpand,Medium
r047,test,retained,Medium,B1,Medium
r047,test,retained,Medium,B2,Medium
r047,test,retained,Medium,B3,High
r047,test,retained,Medium,B4,Medium
r047,test,retained,Medium,B5,Medium
r047,test,retained,Medium,ALERT,Medium
r047,test,retained,Medium,ALERT-noGoalChecker,Medium
r047,test,retained,Medium,ALERT-noPlanner,Medium
r047,test,retained,Medium,ALERT-noQueryExpand,Low
r048,test,retained,High,B1,High
r048,test,retained,High,B2,High
r048,test,retained,High,B3,High
r048,test,retained,High,B4,High
r048,test,retained,High,B5,High
r048,test,retained,High,ALERT,Medium
r048,test,retained,High,ALERT-noGoalChecker,High
r048,test,retained,High,ALERT-noPlanner,Low
r048,test,retained,High,ALERT-noQueryExpand,High
r049,test,retained,Low,B1,Medium
r049,test,retained,Low,B2,Low
r049,test,retained,Low,B3,Low
r049,test,retained,Low,B4,Low
r049,test,retained,Low,B5,High
r049,test,retained,Low,ALERT,Low
r049,test,retained,Low,ALERT-noGoalChecker,Low
r049,test,retained,Low,ALERT-noPlanner,Medium
r049,test,retained,Low,ALERT-noQueryExpand,Low
r050,test,retained,Low,B1,Low
r050,test,retained,Low,B2,Medium
r050,test,retained,Low,B3,Low
r050,test,retained,Low,B4,Low
r050,test,retained,Low,B5,Medium
r050,test,retained,Low,ALERT,Low
r050,test,retained,Low,ALERT-noGoalChecker,Low
r050,test,retained,Low,ALERT-noPlanner,Low
r050,test,retained,Low,ALERT-noQueryExpand,Low
r051,test,retained,Low,B1,High
r051,test,retained,Low,B2,High
r051,test,retained,Low,B3,Medium
r051,test,retained,Low,B4,Low
r051,test,retained,Low,B5,Low
r051,test,retained,Low,ALERT,Low
r051,test,retained,Low,ALERT-noGoalChecker,Low
r051,test,retained,Low,ALERT-noPlanner,Low
r051,test,retained,Low,ALERT-noQueryExpand,Low
r052,test,retained,High,B1,High
r052,test,retained,High,B2,High
r052,test,retained,High,B3,High
r052,test,retained,High,B4,High
r052,test,retained,High,B5,High
r052,test,retained,High,ALERT,High
r052,test,retained,High,ALERT-noGoalChecker,Medium
r052,test,retained,High,ALERT-noPlanner,Low
r052,test,retained,High,ALERT-noQueryExpand,High
r053,test,retained,Low,B1,Low
r053,test,retained,Low,B2,High
r053,test,retained,Low,B3,Low
r053,test,retained,Low,B4,High
r053,test,retained,Low,B5,Low
r053,test,retained,Low,ALERT,Medium
r053,test,retained,Low,ALERT-noGoalChecker,Low
r053,test,retained,Low,ALERT-noPlanner,Low
r053,test,retained,Low,ALERT-noQueryExpand,Low
r054,test,retained,Medium,B1,Medium
r054,test,retained,Medium,B2,Medium
r054,test,retained,Medium,B3,Low
r054,test,retained,Medium,B4,Medium
r054,test,retained,Medium,B5,Medium
r054,test,retained,Medium,ALERT,High
r054,test,retained,Medium,ALERT-noGoalChecker,High
r054,test,retained,Medium,ALERT-noPlanner,Medium
r054,test,retained,Medium,ALERT-noQueryExpand,Medium
r055,test,retained,High,B1,High
r055,test,retained,High,B2,High
r055,test,retained,High,B3,High
r055,test,retained,High,B4,High
r055,test,retained,High,B5,Medium
r055,test,retained,High,ALERT,High
r055,test,retained,High,ALERT-noGoalChecker,High
r055,test,retained,High,ALERT-noPlanner,High
r055,test,retained,High,ALERT-noQueryExpand,Low
r056,test,retained,Medium,B1,High
r056,test,retained,Medium,B2,High
r056,test,retained,Medium,B3,Medium
r056,test,retained,Medium,B4,Medium
r056,test,retained,Medium,B5,Medium
r056,test,retained,Medium,ALERT,Medium
r056,test,retained,Medium,ALERT-noGoalChecker,High
r056,test,retained,Medium,ALERT-noPlanner,High
r056,test,retained,Medium,ALERT-noQueryExpand,Medium
r057,test,retained,High,B1,High
r057,test,retained,High,B2,High
r057,test,retained,High,B3,High
r057,test,retained,High,B4,High
r057,test,retained,High,B5,High
r057,test,retained,High,ALERT,High
r057,test,retained,High,ALERT-noGoalChecker,High
r057,test,retained,High,ALERT-noPlanner,High
r057,test,retained,High,ALERT-noQueryExpand,High
r058,test,retained,Low,B1,Low
r058,test,retained,Low,B2,Low
r058,test,retained,Low,B3,Low
r058,test,retained,Low,B4,Low
r058,test,retained,Low,B5,Low
r058,test,retained,Low,ALERT,High
r058,test,retained,Low,ALERT-noGoalChecker,Low
r058,test,retained,Low,ALERT-noPlanner,Low
r058,test,retained,Low,ALERT-noQueryExpand,Low
r059,test,retained,Low,B1,Low
r059,test,retained,Low,B2,Medium
r059,test,retained,Low,B3,Low
r059,test,retained,Low,B4,High
r059,test,retained,Low,B5,Low
r059,test,retained,Low,ALERT,Low
r059,test,retained,Low,ALERT-noGoalChecker,Medium
r059,test,retained,Low,ALERT-noPlanner,Low
r059,test,retained,Low,ALERT-noQueryExpand,Low
r060,test,retained,Medium,B1,Medium
r060,test,retained,Medium,B2,High
r060,test,retained,Medium,B3,Low
r060,test,retained,Medium,B4,Medium
r060,test,retained,Medium,B5,Medium
r060,test,retained,Medium,ALERT,Medium
r060,test,retained,Medium,ALERT-noGoalChecker,Medium
r060,test,retained,Medium,ALERT-noPlanner,Medium
r060,test,retained,Medium,ALERT-noQueryExpand,Low
r061,test,retained,Low,B1,Low
r061,test,retained,Low,B2,Medium
r061,test,retained,Low,B3,Low
r061,test,retained,Low,B4,Low
r061,test,retained,Low,B5,High
r061,test,retained,Low,ALERT,Low
r061,test,retained,Low,ALERT-noGoalChecker,High
r061,test,retained,Low,ALERT-noPlanner,Low
r061,test,retained,Low,ALERT-noQueryExpand,Low
r062,test,retained,Low,B1,Low
r062,test,retained,Low,B2,Low
r062,test,retained,Low,B3,Low
r062,test,retained,Low,B4,Medium
r062,test,retained,Low,B5,Low
r062,test,retained,Low,ALERT,Low
r062,test,retained,Low,ALERT-noGoalChecker,Low
r062,test,retained,Low,ALERT-noPlanner,Low
r062,test,retained,Low,ALERT-noQueryExpand,Low
r063,test,retained,Medium,B1,Medium
r063,test,retained,Medium,B2,Medium
r063,test,retained,Medium,B3,Medium
r063,test,retained,Medium,B4,Medium
r063,test,retained,Medium,B5,Low
r063,test,retained,Medium,ALERT,High
r063,test,retained,Medium,ALERT-noGoalChecker,Medium
r063,test,retained,Medium,ALERT-noPlanner,Medium
r063,test,retained,Medium,ALERT-noQueryExpand,Medium
r064,test,retained,Low,B1,Low
r064,test,retained,Low,B2,Low
r064,test,retained,Low,B3,Low
r064,test,retained,Low,B4,High
r064,test,retained,Low,B5,Low
r064,test,retained,Low,ALERT,Low
r064,test,retained,Low,ALERT-noGoalChecker,Low
r064,test,retained,Low,ALERT-noPlanner,Low
r064,test,retained,Low,ALERT-noQueryExpand,Low
r065,test,retained,High,B1,High
r065,test,retained,High,B2,Medium
r065,test,retained,High,B3,High
r065,test,retained,High,B4,High
r065,test,retained,High,B5,High
r065,test,retained,High,ALERT,High
r065,test,retained,High,ALERT-noGoalChecker,High
r065,test,retained,High,ALERT-noPlanner,Medium
r065,test,retained,High,ALERT-noQueryExpand,High
r066,test,retained,Low,B1,Low
r066,test,retained,Low,B2,Low
r066,test,retained,Low,B3,Medium
r066,test,retained,Low,B4,Low
r066,test,retained,Low,B5,Low
r066,test,retained,Low,ALERT,High
r066,test,retained,Low,ALERT-noGoalChecker,Low
r066,test,retained,Low,ALERT-noPlanner,Low
r066,test,retained,Low,ALERT-noQueryExpand,Low
r067,test,retained,Medium,B1,High
r067,test,retained,Medium,B2,Medium
r067,test,retained,Medium,B3,Medium
r067,test,retained,Medium,B4,Medium
r067,test,retained,Medium,B5,Low
r067,test,retained,Medium,ALERT,Medium
r067,test,retained,Medium,ALERT-noGoalChecker,Medium
r067,test,retained,Medium,ALERT-noPlanner,Medium
r067,test,retained,Medium,ALERT-noQueryExpand,Medium
r068,test,retained,Medium,B1,Medium
r068,test,retained,Medium,B2,Medium
r068,test,retained,Medium,B3,High
r068,test,retained,Medium,B4,Low
r068,test,retained,Medium,B5,Medium
r068,test,retained,Medium,ALERT,Medium
r068,test,retained,Medium,ALERT-noGoalChecker,High
r068,test,retained,Medium,ALERT-noPlanner,Medium
r068,test,retained,Medium,ALERT-noQueryExpand,Low
r069,test,retained,Low,B1,Low
r069,test,retained,Low,B2,High
r069,test,retained,Low,B3,Low
r069,test,retained,Low,B4,High
r069,test,retained,Low,B5,High
r069,test,retained,Low,ALERT,High
r069,test,retained,Low,ALERT-noGoalChecker,Medium
r069,test,retained,Low,ALERT-noPlanner,Low
r069,test,retained,Low,ALERT-noQueryExpand,Medium
r070,test,retained,Low,B1,Low
r070,test,retained,Low,B2,Low
r070,test,retained,Low,B3,Low
r070,test,retained,Low,B4,Medium
r070,test,retained,Low,B5,Low
r070,test,retained,Low,ALERT,Low
r070,test,retained,Low,ALERT-noGoalChecker,Low
r070,test,retained,Low,ALERT-noPlanner,Low
r070,test,retained,Low,ALERT-noQueryExpand,High
r071,test,retained,Medium,B1,Low
r071,test,retained,Medium,B2,Medium
r071,test,retained,Medium,B3,Medium
r071,test,retained,Medium,B4,Medium
r071,test,retained,Medium,B5,Medium
r071,test,retained,Medium,ALERT,Medium
r071,test,retained,Medium,ALERT-noGoalChecker,Medium
r071,test,retained,Medium,ALERT-noPlanner,Medium
r071,test,retained,Medium,ALERT-noQueryExpand,Medium
r072,test,retained,Medium,B1,Low
r072,test,retained,Medium,B2,Medium
r072,test,retained,Medium,B3,Medium
r072,test,retained,Medium,B4,Medium
r072,test,retained,Medium,B5,Medium
r072,test,retained,Medium,ALERT,High
r072,test,retained,Medium,ALERT-noGoalChecker,Medium
r072,test,retained,Medium,ALERT-noPlanner,Medium
r072,test,retained,Medium,ALERT-noQueryExpand,Medium
r073,test,retained,Medium,B1,Medium
r073,test,retained,Medium,B2,Medium
r073,test,retained,Medium,B3,Medium
r073,test,retained,Medium,B4,Medium
r073,test,retained,Medium,B5,High
r073,test,retained,Medium,ALERT,Medium
r073,test,retained,Medium,ALERT-noGoalChecker,Medium
r073,test,retained,Medium,ALERT-noPlanner,Medium
r073,test,retained,Medium,ALERT-noQueryExpand,Medium
r074,test,retained,Medium,B1,Medium
r074,test,retained,Medium,B2,Medium
r074,test,retained,Medium,B3,Medium
r074,test,retained,Medium,B4,Medium
r074,test,retained,Medium,B5,Medium
r074,test,retained,Medium,ALERT,Medium
r074,test,retained,Medium,ALERT-noGoalChecker,Medium
r074,test,retained,Medium,ALERT-noPlanner,Medium
r074,test,retained,Medium,ALERT-noQueryExpand,Low
r075,test,retained,Low,B1,High
r075,test,retained,Low,B2,Low
r075,test,retained,Low,B3,Low
r075,test,retained,Low,B4,Medium
r075,test,retained,Low,B5,Medium
r075,test,retained,Low,ALERT,Low
r075,test,retained,Low,ALERT-noGoalChecker,Low
r075,test,retained,Low,ALERT-noPlanner,Low
r075,test,retained,Low,ALERT-noQueryExpand,Medium
r076,test,retained,Medium,B1,High
r076,test,retained,Medium,B2,Medium
r076,test,retained,Medium,B3,Low
r076,test,retained,Medium,B4,High
r076,test,retained,Medium,B5,Medium
r076,test,retained,Medium,ALERT,Medium
r076,test,retained,Medium,ALERT-noGoalChecker,Medium
r076,test,retained,Medium,ALERT-noPlanner,Low
r076,test,retained,Medium,ALERT-noQueryExpand,Medium
r077,test,retained,High,B1,Low
r077,test,retained,High,B2,High
r077,test,retained,High,B3,Low
r077,test,retained,High,B4,High
r077,test,retained,High,B5,High
r077,test,retained,High,ALERT,High
r077,test,retained,High,ALERT-noGoalChecker,Low
r077,test,retained,High,ALERT-noPlanner,High
r077,test,retained,High,ALERT-noQueryExpand,High
r078,test,retained,Medium,B1,Medium
r078,test,retained,Medium,B2,Medium
r078,test,retained,Medium,B3,Medium
r078,test,retained,Medium,B4,Medium
r078,test,retained,Medium,B5,Medium
r078,test,retained,Medium,ALERT,Medium
r078,test,retained,Medium,ALERT-noGoalChecker,Medium
r078,test,retained,Medium,ALERT-noPlanner,Medium
r078,test,retained,Medium,ALERT-noQueryExpand,Medium
r079,test,retained,High,B1,High
r079,test,retained,High,B2,High
r079,test,retained,High,B3,High
r079,test,retained,High,B4,High
r079,test,retained,High,B5,High
r079,test,retained,High,ALERT,High
r079,test,retained,High,ALERT-noGoalChecker,High
r079,test,retained,High,ALERT-noPlanner,Medium
r079,test,retained,High,ALERT-noQueryExpand,High
r080,test,retained,Medium,B1,Medium
r080,test,retained,Medium,B2,Medium
r080,test,retained,Medium,B3,Medium
r080,test,retained,Medium,B4,Low
r080,test,retained,Medium,B5,Medium
r080,test,retained,Medium,ALERT,High
r080,test,retained,Medium,ALERT-noGoalChecker,High
r080,test,retained,Medium,ALERT-noPlanner,High
r080,test,retained,Medium,ALERT-noQueryExpand,Medium
r081,test,retained,High,B1,Medium
r081,test,retained,High,B2,High
r081,test,retained,High,B3,High
r081,test,retained,High,B4,High
r081,test,retained,High,B5,Low
r081,test,retained,High,ALERT,High
r081,test,retained,High,ALERT-noGoalChecker,High
r081,test,retained,High,ALERT-noPlanner,Low
r081,test,retained,High,ALERT-noQueryExpand,High
r082,test,retained,Low,B1,High
r082,test,retained,Low,B2,Medium
r082,test,retained,Low,B3,Low
r082,test,retained,Low,B4,Low
r082,test,retained,Low,B5,Low
r082,test,retained,Low,ALERT,Low
r082,test,retained,Low,ALERT-noGoalChecker,Low
r082,test,retained,Low,ALERT-noPlanner,Low
r082,test,retained,Low,ALERT-noQueryExpand,Low
r083,test,retained,High,B1,High
r083,test,retained,High,B2,Low
r083,test,retained,High,B3,High
r083,test,retained,High,B4,High
r083,test,retained,High,B5,Medium
r083,test,retained,High,ALERT,Low
r083,test,retained,High,ALERT-noGoalChecker,High
r083,test,retained,High,ALERT-noPlanner,High
r083,test,retained,High,ALERT-noQueryExpand,High
r084,test,retained,Low,B1,Medium
r084,test,retained,Low,B2,Low
r084,test,retained,Low,B3,Low
r084,test,retained,Low,B4,High
r084,test,retained,Low,B5,Low
r084,test,retained,Low,ALERT,Low
r084,test,retained,Low,ALERT-noGoalChecker,Low
r084,test,retained,Low,ALERT-noPlanner,Low
r084,test,retained,Low,ALERT-noQueryExpand,Low
r085,test,retained,Low,B1,Low
r085,test,retained,Low,B2,Low
r085,test,retained,Low,B3,Low
r085,test,retained,Low,B4,Low
r085,test,retained,Low,B5,Low
r085,test,retained,Low,ALERT,Low
r085,test,retained,Low,ALERT-noGoalChecker,High
r085,test,retained,Low,ALERT-noPlanner,Low
r085,test,retained,Low,ALERT-noQueryExpand,Low
r086,test,retained,Low,B1,High
r086,test,retained,Low,B2,Low
r086,test,retained,Low,B3,Medium
r086,test,retained,Low,B4,Low
r086,test,retained,Low,B5,Low
r086,test,retained,Low,ALERT,Low
r086,test,retained,Low,ALERT-noGoalChecker,Low
r086,test,retained,Low,ALERT-noPlanner,Medium
r086,test,retained,Low,ALERT-noQueryExpand,Low
r087,test,retained,Low,B1,High
r087,test,retained,Low,B2,Low
r087,test,retained,Low,B3,Low
r087,test,retained,Low,B4,High
r087,test,retained,Low,B5,Low
r087,test,retained,Low,ALERT,Low
r087,test,retained,Low,ALERT-noGoalChecker,Low
r087,test,retained,Low,ALERT-noPlanner,Low
r087,test,retained,Low,ALERT-noQueryExpand,Low
r088,test,retained,Low,B1,Medium
r088,test,retained,Low,B2,Low
r088,test,retained,Low,B3,Low
r088,test,retained,Low,B4,Low
r088,test,retained,Low,B5,Low
r088,test,retained,Low,ALERT,Medium
r088,test,retained,Low,ALERT-noGoalChecker,Low
r088,test,retained,Low,ALERT-noPlanner,Low
r088,test,retained,Low,ALERT-noQueryExpand,Low
r089,test,retained,Medium,B1,Low
r089,test,retained,Medium,B2,Medium
r089,test,retained,Medium,B3,Medium
r089,test,retained,Medium,B4,Medium
r089,test,retained,Medium,B5,Medium
r089,test,retained,Medium,ALERT,Medium
r089,test,retained,Medium,ALERT-noGoalChecker,Medium
r089,test,retained,Medium,ALERT-noPlanner,Medium
r089,test,retained,Medium,ALERT-noQueryExpand,Medium
r090,test,retained,Medium,B1,Medium
r090,test,retained,Medium,B2,Medium
r090,test,retained,Medium,B3,Medium
r090,test,retained,Medium,B4,Medium
r090,test,retained,Medium,B5,Low
r090,test,retained,Medium,ALERT,Medium
r090,test,retained,Medium,ALERT-noGoalChecker,Medium
r090,test,retained,Medium,ALERT-noPlanner,Medium
r090,test,retained,Medium,ALERT-noQueryExpand,Medium
r091,test,retained,Low,B1,Low
r091,test,retained,Low,B2,Low
r091,test,retained,Low,B3,Low
r091,test,retained,Low,B4,Low
r091,test,retained,Low,B5,Low
r091,test,retained,Low,ALERT,Low
r091,test,retained,Low,ALERT-noGoalChecker,Low
r091,test,retained,Low,ALERT-noPlanner,Low
r091,test,retained,Low,ALERT-noQueryExpand,Low
r092,test,retained,Medium,B1,Medium
r092,test,retained,Medium,B2,High
r092,test,retained,Medium,B3,High
r092,test,retained,Medium,B4,Medium
r092,test,retained,Medium,B5,Medium
r092,test,retained,Medium,ALERT,Medium
r092,test,retained,Medium,ALERT-noGoalChecker,Low
r092,test,retained,Medium,ALERT-noPlanner,Medium
r092,test,retained,Medium,ALERT-noQueryExpand,Medium
r093,test,retained,Medium,B1,Medium
r093,test,retained,Medium,B2,Medium
r093,test,retained,Medium,B3,High
r093,test,retained,Medium,B4,Low
r093,test,retained,Medium,B5,Medium
r093,test,retained,Medium,ALERT,Medium
r093,test,retained,Medium,ALERT-noGoalChecker,Medium
r093,test,retained,Medium,ALERT-noPlanner,High
r093,test,retained,Medium,ALERT-noQueryExpand,Medium
r094,test,retained,Medium,B1,Medium
r094,test,retained,Medium,B2,Medium
r094,test,retained,Medium,B3,High
r094,test,retained,Medium,B4,Low
r094,test,retained,Medium,B5,Medium
r094,test,retained,Medium,ALERT,Medium
r094,test,retained,Medium,ALERT-noGoalChecker,Medium
r094,test,retained,Medium,ALERT-noPlanner,Medium
r094,test,retained,Medium,ALERT-noQueryExpand,High
r095,test,retained,High,B1,High
r095,test,retained,High,B2,High
r095,test,retained,High,B3,High
r095,test,retained,High,B4,Medium
r095,test,retained,High,B5,High
r095,test,retained,High,ALERT,High
r095,test,retained,High,ALERT-noGoalChecker,High
r095,test,retained,High,ALERT-noPlanner,Low
r095,test,retained,High,ALERT-noQueryExpand,High
r096,test,retained,High,B1,Low
r096,test,retained,High,B2,Low
r096,test,retained,High,B3,High
r096,test,retained,High,B4,High
r096,test,retained,High,B5,High
r096,test,retained,High,ALERT,High
r096,test,retained,High,ALERT-noGoalChecker,Medium
r096,test,retained,High,ALERT-noPlanner,High
r096,test,retained,High,ALERT-noQueryExpand,High
r097,test,retained,Medium,B1,Medium
r097,test,retained,Medium,B2,Medium
r097,test,retained,Medium,B3,Medium
r097,test,retained,Medium,B4,High
r097,test,retained,Medium,B5,High
r097,test,retained,Medium,ALERT,Medium
r097,test,retained,Medium,ALERT-noGoalChecker,Medium
r097,test,retained,Medium,ALERT-noPlanner,Medium
r097,test,retained,Medium,ALERT-noQueryExpand,Medium
r098,test,retained,High,B1,High
r098,test,retained,High,B2,Medium
r098,test,retained,High,B3,High
r098,test,retained,High,B4,High
r098,test,retained,High,B5,High
r098,test,retained,High,ALERT,High
r098,test,retained,High,ALERT-noGoalChecker,Medium
r098,test,retained,High,ALERT-noPlanner,High
r098,test,retained,High,ALERT-noQueryExpand,High
r099,test,retained,Low,B1,Low
r099,test,retained,Low,B2,Low
r099,test,retained,Low,B3,Low
r099,test,retained,Low,B4,Low
r099,test,retained,Low,B5,Low
r099,test,retained,Low,ALERT,Low
r099,test,retained,Low,ALERT-noGoalChecker,Low
r099,test,retained,Low,ALERT-noPlanner,Low
r099,test,retained,Low,ALERT-noQueryExpand,High
r100,test,retained,Medium,B1,High
r100,test,retained,Medium,B2,Medium
r100,test,retained,Medium,B3,Medium
r100,test,retained,Medium,B4,High
r100,test,retained,Medium,B5,Medium
r100,test,retained,Medium,ALERT,Medium
r100,test,retained,Medium,ALERT-noGoalChecker,Medium
r100,test,retained,Medium,ALERT-noPlanner,Medium
r100,test,retained,Medium,ALERT-noQueryExpand,Medium
r101,test,retained,Low,B1,High
r101,test,retained,Low,B2,Low
r101,test,retained,Low,B3,Medium
r101,test,retained,Low,B4,Low
r101,test,retained,Low,B5,Low
r101,test,retained,Low,ALERT,Medium
r101,test,retained,Low,ALERT-noGoalChecker,High
r101,test,retained,Low,ALERT-noPlanner,High
r101,test,retained,Low,ALERT-noQueryExpand,Low
r102,test,retained,Medium,B1,High
r102,test,retained,Medium,B2,Medium
r102,test,retained,Medium,B3,Medium
r102,test,retained,Medium,B4,High
r102,test,retained,Medium,B5,Medium
r102,test,retained,Medium,ALERT,Medium
r102,test,retained,Medium,ALERT-noGoalChecker,Medium
r102,test,retained,Medium,ALERT-noPlanner,Low
r102,test,retained,Medium,ALERT-noQueryExpand,Medium
r103,test,retained,High,B1,High
r103,test,retained,High,B2,High
r103,test,retained,High,B3,High
r103,test,retained,High,B4,Medium
r103,test,retained,High,B5,High
r103,test,retained,High,ALERT,High
r103,test,retained,High,ALERT-noGoalChecker,High
r103,test,retained,High,ALERT-noPlanner,High
r103,test,retained,High,ALERT-noQueryExpand,High
r104,test,retained,High,B1,Low
r104,test,retained,High,B2,Medium
r104,test,retained,High,B3,Medium
r104,test,retained,High,B4,High
r104,test,retained,High,B5,Medium
r104,test,retained,High,ALERT,Medium
r104,test,retained,High,ALERT-noGoalChecker,High
r104,test,retained,High,ALERT-noPlanner,High
r104,test,retained,High,ALERT-noQueryExpand,High
r105,test,retained,Medium,B1,Low
r105,test,retained,Medium,B2,Medium
r105,test,retained,Medium,B3,High
r105,test,retained,Medium,B4,Medium
r105,test,retained,Medium,B5,Medium
r105,test,retained,Medium,ALERT,Medium
r105,test,retained,Medium,ALERT-noGoalChecker,Medium
r105,test,retained,Medium,ALERT-noPlanner,Medium
r105,test,retained,Medium,ALERT-noQueryExpand,Medium
r106,test,retained,High,B1,High
r106,test,retained,High,B2,High
r106,test,retained,High,B3,Medium
r106,test,retained,High,B4,High
r106,test,retained,High,B5,High
r106,test,retained,High,ALERT,High
r106,test,retained,High,ALERT-noGoalChecker,High
r106,test,retained,High,ALERT-noPlanner,High
r106,test,retained,High,ALERT-noQueryExpand,High
r107,test,retained,Medium,B1,Low
r107,test,retained,Medium,B2,High
r107,test,retained,Medium,B3,High
r107,test,retained,Medium,B4,Medium
r107,test,retained,Medium,B5,Medium
r107,test,retained,Medium,ALERT,Medium
r107,test,retained,Medium,ALERT-noGoalChecker,Medium
r107,test,retained,Medium,ALERT-noPlanner,Medium
r107,test,retained,Medium,ALERT-noQueryExpand,Low
r108,test,retained,Medium,B1,Medium
r108,test,retained,Medium,B2,Medium
r108,test,retained,Medium,B3,Medium
r108,test,retained,Medium,B4,Low
r108,test,retained,Medium,B5,Medium
r108,test,retained,Medium,ALERT,Medium
r108,test,retained,Medium,ALERT-noGoalChecker,Medium
r108,test,retained,Medium,ALERT-noPlanner,Medium
r108,test,retained,Medium,ALERT-noQueryExpand,Medium
r109,test,retained,Medium,B1,Medium
r109,test,retained,Medium,B2,Medium
r109,test,retained,Medium,B3,Medium
r109,test,retained,Medium,B4,Medium
r109,test,retained,Medium,B5,Medium
r109,test,retained,Medium,ALERT,Medium
r109,test,retained,Medium,ALERT-noGoalChecker,High
r109,test,retained,Medium,ALERT-noPlanner,Medium
r109,test,retained,Medium,ALERT-noQueryExpand,Medium
r110,test,retained,Low,B1,Low
r110,test,retained,Low,B2,Medium
r110,test,retained,Low,B3,Low
r110,test,retained,Low,B4,Medium
r110,test,retained,Low,B5,Low
r110,test,retained,Low,ALERT,Low
r110,test,retained,Low,ALERT-noGoalChecker,Low
r110,test,retained,Low,ALERT-noPlanner,Low
r110,test,retained,Low,ALERT-noQueryExpand,Low
r111,test,retained,High,B1,High
r111,test,retained,High,B2,High
r111,test,retained,High,B3,High
r111,test,retained,High,B4,High
r111,test,retained,High,B5,High
r111,test,retained,High,ALERT,High
r111,test,retained,High,ALERT-noGoalChecker,Low
r111,test,retained,High,ALERT-noPlanner,High
r111,test,retained,High,ALERT-noQueryExpand,High
r112,test,retained,High,B1,High
r112,test,retained,High,B2,High
r112,test,retained,High,B3,High
r112,test,retained,High,B4,High
r112,test,retained,High,B5,High
r112,test,retained,High,ALERT,Low
r112,test,retained,High,ALERT-noGoalChecker,High
r112,test,retained,High,ALERT-noPlanner,High
r112,test,retained,High,ALERT-noQueryExpand,High
r113,test,retained,Medium,B1,Medium
r113,test,retained,Medium,B2,Medium
r113,test,retained,Medium,B3,High
r113,test,retained,Medium,B4,Medium
r113,test,retained,Medium,B5,Medium
r113,test,retained,Medium,ALERT,Medium
r113,test,retained,Medium,ALERT-noGoalChecker,Medium
r113,test,retained,Medium,ALERT-noPlanner,Low
r113,test,retained,Medium,ALERT-noQueryExpand,Medium
r114,test,retained,Medium,B1,Medium
r114,test,retained,Medium,B2,Medium
r114,test,retained,Medium,B3,High
r114,test,retained,Medium,B4,Medium
r114,test,retained,Medium,B5,Medium
r114,test,retained,Medium,ALERT,Medium
r114,test,retained,Medium,ALERT-noGoalChecker,Low
r114,test,retained,Medium,ALERT-noPlanner,High
r114,test,retained,Medium,ALERT-noQueryExpand,High
r115,test,retained,High,B1,Medium
r115,test,retained,High,B2,High
r115,test,retained,High,B3,High
r115,test,retained,High,B4,High
r115,test,retained,High,B5,Low
r115,test,retained,High,ALERT,High
r115,test,retained,High,ALERT-noGoalChecker,High
r115,test,retained,High,ALERT-noPlanner,High
r115,test,retained,High,ALERT-noQueryExpand,Medium
r116,test,retained,Medium,B1,High
r116,test,retained,Medium,B2,Medium
r116,test,retained,Medium,B3,Medium
r116,test,retained,Medium,B4,Medium
r116,test,retained,Medium,B5,Low
r116,test,retained,Medium,ALERT,Medium
r116,test,retained,Medium,ALERT-noGoalChecker,Medium
r116,test,retained,Medium,ALERT-noPlanner,Medium
r116,test,retained,Medium,ALERT-noQueryExpand,Medium
r117,test,retained,Medium,B1,High
r117,test,retained,Medium,B2,High
r117,test,retained,Medium,B3,Medium
r117,test,retained,Medium,B4,High
r117,test,retained,Medium,B5,Medium
r117,test,retained,Medium,ALERT,Medium
r117,test,retained,Medium,ALERT-noGoalChecker,Low
r117,test,retained,Medium,ALERT-noPlanner,Medium
r117,test,retained,Medium,ALERT-noQueryExpand,Medium
r118,test,retained,Medium,B1,Medium
r118,test,retained,Medium,B2,High
r118,test,retained,Medium,B3,Medium
r118,test,retained,Medium,B4,Medium
r118,test,retained,Medium,B5,Medium
r118,test,retained,Medium,ALERT,Medium
r118,test,retained,Medium,ALERT-noGoalChecker,Medium
r118,test,retained,Medium,ALERT-noPlanner,Medium
r118,test,retained,Medium,ALERT-noQueryExpand,Medium
r119,test,retained,Medium,B1,Medium
r119,test,retained,Medium,B2,Medium
r119,test,retained,Medium,B3,Medium
r119,test,retained,Medium,B4,Medium
r119,test,retained,Medium,B5,Medium
r119,test,retained,Medium,ALERT,Medium
r119,test,retained,Medium,ALERT-noGoalChecker,Medium
r119,test,retained,Medium,ALERT-noPlanner,Medium
r119,test,retained,Medium,ALERT-noQueryExpand,Medium
r120,test,retained,Low,B1,Low
r120,test,retained,Low,B2,High
r120,test,retained,Low,B3,Low
r120,test,retained,Low,B4,Low
r120,test,retained,Low,B5,Low
r120,test,retained,Low,ALERT,Medium
r120,test,retained,Low,ALERT-noGoalChecker,High
r120,test,retained,Low,ALERT-noPlanner,Low
r120,test,retained,Low,ALERT-noQueryExpand,Low
r121,test,retained,High,B1,High
r121,test,retained,High,B2,High
r121,test,retained,High,B3,High
r121,test,retained,High,B4,High
r121,test,retained,High,B5,High
r121,test,retained,High,ALERT,High
r121,test,retained,High,ALERT-noGoalChecker,High
r121,test,retained,High,ALERT-noPlanner,High
r121,test,retained,High,ALERT-noQueryExpand,Low
r122,test,retained,Medium,B1,Low
r122,test,retained,Medium,B2,Medium
r122,test,retained,Medium,B3,Medium
r122,test,retained,Medium,B4,Medium
r122,test,retained,Medium,B5,Medium
r122,test,retained,Medium,ALERT,Medium
r122,test,retained,Medium,ALERT-noGoalChecker,Medium
r122,test,retained,Medium,ALERT-noPlanner,Medium
r122,test,retained,Medium,ALERT-noQueryExpand,Medium
r123,test,retained,Medium,B1,Medium
r123,test,retained,Medium,B2,Medium
r123,test,retained,Medium,B3,Low
r123,test,retained,Medium,B4,Medium
r123,test,retained,Medium,B5,Medium
r123,test,retained,Medium,ALERT,Medium
r123,test,retained,Medium,ALERT-noGoalChecker,Medium
r123,test,retained,Medium,ALERT-noPlanner,Medium
r123,test,retained,Medium,ALERT-noQueryExpand,Medium
r124,test,retained,Medium,B1,Medium
r124,test,retained,Medium,B2,Medium
r124,test,retained,Medium,B3,Medium
r124,test,retained,Medium,B4,Medium
r124,test,retained,Medium,B5,Low
r124,test,retained,Medium,ALERT,Medium
r124,test,retained,Medium,ALERT-noGoalChecker,Low
r124,test,retained,Medium,ALERT-noPlanner,High
r124,test,retained,Medium,ALERT-noQueryExpand,Medium
r125,test,retained,Medium,B1,Medium
r125,test,retained,Medium,B2,Medium
r125,test,retained,Medium,B3,Medium
r125,test,retained,Medium,B4,Medium
r125,test,retained,Medium,B5,Low
r125,test,retained,Medium,ALERT,Medium
r125,test,retained,Medium,ALERT-noGoalChecker,Medium
r125,test,retained,Medium,ALERT-noPlanner,Medium
r125,test,retained,Medium,ALERT-noQueryExpand,Medium
r126,test,retained,Medium,B1,Medium
r126,test,retained,Medium,B2,Medium
r126,test,retained,Medium,B3,High
r126,test,retained,Medium,B4,Medium
r126,test,retained,Medium,B5,Medium
r126,test,retained,Medium,ALERT,Low
r126,test,retained,Medium,ALERT-noGoalChecker,Medium
r126,test,retained,Medium,ALERT-noPlanner,Medium
r126,test,retained,Medium,ALERT-noQueryExpand,Medium
r127,test,retained,Low,B1,Low
r127,test,retained,Low,B2,Low
r127,test,retained,Low,B3,Medium
r127,test,retained,Low,B4,Low
r127,test,retained,Low,B5,Low
r127,test,retained,Low,ALERT,Low
r127,test,retained,Low,ALERT-noGoalChecker,Low
r127,test,retained,Low,ALERT-noPlanner,Low
r127,test,retained,Low,ALERT-noQueryExpand,Low
r128,test,retained,Low,B1,Low
r128,test,retained,Low,B2,Low
r128,test,retained,Low,B3,Low
r128,test,retained,Low,B4,Medium
r128,test,retained,Low,B5,High
r128,test,retained,Low,ALERT,Low
r128,test,retained,Low,ALERT-noGoalChecker,High
r128,test,retained,Low,ALERT-noPlanner,High
r128,test,retained,Low,ALERT-noQueryExpand,Low
r129,test,retained,Low,B1,Low
r129,test,retained,Low,B2,Low
r129,test,retained,Low,B3,Low
r129,test,retained,Low,B4,Low
r129,test,retained,Low,B5,Low
r129,test,retained,Low,ALERT,Medium
r129,test,retained,Low,ALERT-noGoalChecker,Low
r129,test,retained,Low,ALERT-noPlanner,Low
r129,test,retained,Low,ALERT-noQueryExpand,Medium
r130,test,retained,Medium,B1,Medium
r130,test,retained,Medium,B2,Medium
r130,test,retained,Medium,B3,Medium
r130,test,retained,Medium,B4,Low
r130,test,retained,Medium,B5,Medium
r130,test,retained,Medium,ALERT,Medium
r130,test,retained,Medium,ALERT-noGoalChecker,Medium
r130,test,retained,Medium,ALERT-noPlanner,High
r130,test,retained,Medium,ALERT-noQueryExpand,Medium
r131,test,retained,Low,B1,Medium
r131,test,retained,Low,B2,Medium
r131,test,retained,Low,B3,Low
r131,test,retained,Low,B4,Medium
r131,test,retained,Low,B5,Low
r131,test,retained,Low,ALERT,Low
r131,test,retained,Low,ALERT-noGoalChecker,Low
r131,test,retained,Low,ALERT-noPlanner,Low
r131,test,retained,Low,ALERT-noQueryExpand,High
r132,test,retained,Low,B1,High
r132,test,retained,Low,B2,Low
r132,test,retained,Low,B3,Low
r132,test,retained,Low,B4,Low
r132,test,retained,Low,B5,Low
r132,test,retained,Low,ALERT,Low
r132,test,retained,Low,ALERT-noGoalChecker,Low
r132,test,retained,Low,ALERT-noPlanner,Low
r132,test,retained,Low,ALERT-noQueryExpand,Low
r133,test,retained,Low,B1,Low
r133,test,retained,Low,B2,Low
r133,test,retained,Low,B3,Low
r133,test,retained,Low,B4,Medium
r133,test,retained,Low,B5,Low
r133,test,retained,Low,ALERT,Low
r133,test,retained,Low,ALERT-noGoalChecker,Low
r133,test,retained,Low,ALERT-noPlanner,Low
r133,test,retained,Low,ALERT-noQueryExpand,Low
r134,test,retained,Medium,B1,Medium
r134,test,retained,Medium,B2,Medium
r134,test,retained,Medium,B3,Medium
r134,test,retained,Medium,B4,Medium
r134,test,retained,Medium,B5,Medium
r134,test,retained,Medium,ALERT,Medium
r134,test,retained,Medium,ALERT-noGoalChecker,Medium
r134,test,retained,Medium,ALERT-noPlanner,Medium
r134,test,retained,Medium,ALERT-noQueryExpand,Medium
r135,test,retained,Low,B1,Low
r135,test,retained,Low,B2,Low
r135,test,retained,Low,B3,Low
r135,test,retained,Low,B4,Low
r135,test,retained,Low,B5,High
r135,test,retained,Low,ALERT,Low
r135,test,retained,Low,ALERT-noGoalChecker,Low
r135,test,retained,Low,ALERT-noPlanner,Low
r135,test,retained,Low,ALERT-noQueryExpand,Low
r136,test,retained,High,B1,Low
r136,test,retained,High,B2,Low
r136,test,retained,High,B3,High
r136,test,retained,High,B4,High
r136,test,retained,High,B5,High
r136,test,retained,High,ALERT,Low
r136,test,retained,High,ALERT-noGoalChecker,High
r136,test,retained,High,ALERT-noPlanner,Low
r136,test,retained,High,ALERT-noQueryExpand,High
r137,test,retained,Medium,B1,Medium
r137,test,retained,Medium,B2,Low
r137,test,retained,Medium,B3,Medium
r137,test,retained,Medium,B4,Low
r137,test,retained,Medium,B5,High
r137,test,retained,Medium,ALERT,Medium
r137,test,retained,Medium,ALERT-noGoalChecker,Medium
r137,test,retained,Medium,ALERT-noPlanner,Medium
r137,test,retained,Medium,ALERT-noQueryExpand,Medium
r138,test,retained,High,B1,High
r138,test,retained,High,B2,Medium
r138,test,retained,High,B3,High
r138,test,retained,High,B4,High
r138,test,retained,High,B5,High
r138,test,retained,High,ALERT,High
r138,test,retained,High,ALERT-noGoalChecker,High
r138,test,retained,High,ALERT-noPlanner,High
r138,test,retained,High,ALERT-noQueryExpand,High
r139,test,retained,Low,B1,Low
r139,test,retained,Low,B2,Medium
r139,test,retained,Low,B3,Low
r139,test,retained,Low,B4,Low
r139,test,retained,Low,B5,Medium
r139,test,retained,Low,ALERT,Low
r139,test,retained,Low,ALERT-noGoalChecker,Low
r139,test,retained,Low,ALERT-noPlanner,Low
r139,test,retained,Low,ALERT-noQueryExpand,Low
r140,test,retained,Medium,B1,Medium
r140,test,retained,Medium,B2,Medium
r140,test,retained,Medium,B3,Low
r140,test,retained,Medium,B4,Medium
r140,test,retained,Medium,B5,Medium
r140,test,retained,Medium,ALERT,Medium
r140,test,retained,Medium,ALERT-noGoalChecker,Medium
r140,test,retained,Medium,ALERT-noPlanner,Medium
r140,test,retained,Medium,ALERT-noQueryExpand,Medium
r141,test,retained,Low,B1,Low
r141,test,retained,Low,B2,High
r141,test,retained,Low,B3,Low
r141,test,retained,Low,B4,Low
r141,test,retained,Low,B5,Low
r141,test,retained,Low,ALERT,Low
r141,test,retained,Low,ALERT-noGoalChecker,Low
r141,test,retained,Low,ALERT-noPlanner,Low
r141,test,retained,Low,ALERT-noQueryExpand,Medium
r142,test,retained,Medium,B1,Low
r142,test,retained,Medium,B2,Medium
r142,test,retained,Medium,B3,Low
r142,test,retained,Medium,B4,Medium
r142,test,retained,Medium,B5,Medium
r142,test,retained,Medium,ALERT,Medium
r142,test,retained,Medium,ALERT-noGoalChecker,Low
r142,test,retained,Medium,ALERT-noPlanner,Medium
r142,test,retained,Medium,ALERT-noQueryExpand,Medium
r143,test,retained,Medium,B1,High
r143,test,retained,Medium,B2,Medium
r143,test,retained,Medium,B3,High
r143,test,retained,Medium,B4,Medium
r143,test,retained,Medium,B5,Medium
r143,test,retained,Medium,ALERT,Medium
r143,test,retained,Medium,ALERT-noGoalChecker,Medium
r143,test,retained,Medium,ALERT-noPlanner,Medium
r143,test,retained,Medium,ALERT-noQueryExpand,Medium
r144,test,retained,Low,B1,Low
r144,test,retained,Low,B2,Low
r144,test,retained,Low,B3,Low
r144,test,retained,Low,B4,Low
r144,test,retained,Low,B5,Low
r144,test,retained,Low,ALERT,Medium
r144,test,retained,Low,ALERT-noGoalChecker,Low
r144,test,retained,Low,ALERT-noPlanner,Low
r144,test,retained,Low,ALERT-noQueryExpand,Low
r145,test,retained,Medium,B1,Low
r145,test,retained,Medium,B2,Medium
r145,test,retained,Medium,B3,Medium
r145,test,retained,Medium,B4,Medium
r145,test,retained,Medium,B5,Medium
r145,test,retained,Medium,ALERT,Low
r145,test,retained,Medium,ALERT-noGoalChecker,Medium
r145,test,retained,Medium,ALERT-noPlanner,Medium
r145,test,retained,Medium,ALERT-noQueryExpand,Low
r146,test,retained,Medium,B1,Medium
r146,test,retained,Medium,B2,High
r146,test,retained,Medium,B3,Medium
r146,test,retained,Medium,B4,High
r146,test,retained,Medium,B5,Medium
r146,test,retained,Medium,ALERT,Medium
r146,test,retained,Medium,ALERT-noGoalChecker,Medium
r146,test,retained,Medium,ALERT-noPlanner,Medium
r146,test,retained,Medium,ALERT-noQueryExpand,Medium
r147,test,retained,High,B1,Low
r147,test,retained,High,B2,High
r147,test,retained,High,B3,Medium
r147,test,retained,High,B4,Low
r147,test,retained,High,B5,High
r147,test,retained,High,ALERT,High
r147,test,retained,High,ALERT-noGoalChecker,High
r147,test,retained,High,ALERT-noPlanner,High
r147,test,retained,High,ALERT-noQueryExpand,High
r148,test,retained,Low,B1,Low
r148,test,retained,Low,B2,Low
r148,test,retained,Low,B3,Low
r148,test,retained,Low,B4,Low
r148,test,retained,Low,B5,Low
r148,test,retained,Low,ALERT,Low
r148,test,retained,Low,ALERT-noGoalChecker,Low
r148,test,retained,Low,ALERT-noPlanner,Low
r148,test,retained,Low,ALERT-noQueryExpand,Low
r149,test,retained,Low,B1,Medium
r149,test,retained,Low,B2,Low
r149,test,retained,Low,B3,Low
r149,test,retained,Low,B4,Low
r149,test,retained,Low,B5,High
r149,test,retained,Low,ALERT,Low
r149,test,retained,Low,ALERT-noGoalChecker,Low
r149,test,retained,Low,ALERT-noPlanner,Low
r149,test,retained,Low,ALERT-noQueryExpand,Medium
r150,test,retained,Medium,B1,Medium
r150,test,retained,Medium,B2,Medium
r150,test,retained,Medium,B3,Low
r150,test,retained,Medium,B4,Medium
r150,test,retained,Medium,B5,Medium
r150,test,retained,Medium,ALERT,Medium
r150,test,retained,Medium,ALERT-noGoalChecker,Medium
r150,test,retained,Medium,ALERT-noPlanner,Low
r150,test,retained,Medium,ALERT-noQueryExpand,High
r151,test,retained,High,B1,Medium
r151,test,retained,High,B2,High
r151,test,retained,High,B3,Medium
r151,test,retained,High,B4,Low
r151,test,retained,High,B5,High
r151,test,retained,High,ALERT,High
r151,test,retained,High,ALERT-noGoalChecker,High
r151,test,retained,High,ALERT-noPlanner,High
r151,test,retained,High,ALERT-noQueryExpand,High
r152,test,retained,Medium,B1,Medium
r152,test,retained,Medium,B2,Medium
r152,test,retained,Medium,B3,Medium
r152,test,retained,Medium,B4,Medium
r152,test,retained,Medium,B5,Medium
r152,test,retained,Medium,ALERT,Medium
r152,test,retained,Medium,ALERT-noGoalChecker,High
r152,test,retained,Medium,ALERT-noPlanner,High
r152,test,retained,Medium,ALERT-noQueryExpand,Medium
r153,test,retained,Medium,B1,Medium
r153,test,retained,Medium,B2,Medium
r153,test,retained,Medium,B3,Medium
r153,test,retained,Medium,B4,Medium
r153,test,retained,Medium,B5,Medium
r153,test,retained,Medium,ALERT,Medium
r153,test,retained,Medium,ALERT-noGoalChecker,High
r153,test,retained,Medium,ALERT-noPlanner,Medium
r153,test,retained,Medium,ALERT-noQueryExpand,Medium
r154,test,retained,Medium,B1,Medium
r154,test,retained,Medium,B2,Medium
r154,test,retained,Medium,B3,Medium
r154,test,retained,Medium,B4,Medium
r154,test,retained,Medium,B5,High
r154,test,retained,Medium,ALERT,High
r154,test,retained,Medium,ALERT-noGoalChecker,Medium
r154,test,retained,Medium,ALERT-noPlanner,High
r154,test,retained,Medium,ALERT-noQueryExpand,Medium
r155,test,retained,Low,B1,Low
r155,test,retained,Low,B2,Low
r155,test,retained,Low,B3,Low
r155,test,retained,Low,B4,Low
r155,test,retained,Low,B5,Low
r155,test,retained,Low,ALERT,Medium
r155,test,retained,Low,ALERT-noGoalChecker,Low
r155,test,retained,Low,ALERT-noPlanner,Low
r155,test,retained,Low,ALERT-noQueryExpand,Low
r156,test,retained,Medium,B1,Medium
r156,test,retained,Medium,B2,Medium
r156,test,retained,Medium,B3,High
r156,test,retained,Medium,B4,Medium
r156,test,retained,Medium,B5,Medium
r156,test,retained,Medium,ALERT,Medium
r156,test,retained,Medium,ALERT-noGoalChecker,Medium
r156,test,retained,Medium,ALERT-noPlanner,Medium
r156,test,retained,Medium,ALERT-noQueryExpand,Medium
r157,test,retained,Low,B1,High
r157,test,retained,Low,B2,Low
r157,test,retained,Low,B3,Low
r157,test,retained,Low,B4,Low
r157,test,retained,Low,B5,Low
r157,test,retained,Low,ALERT,Low
r157,test,retained,Low,ALERT-noGoalChecker,Low
r157,test,retained,Low,ALERT-noPlanner,Low
r157,test,retained,Low,ALERT-noQueryExpand,Low
r158,test,retained,Low,B1,Low
r158,test,retained,Low,B2,Low
r158,test,retained,Low,B3,Medium
r158,test,retained,Low,B4,Low
r158,test,retained,Low,B5,Medium
r158,test,retained,Low,ALERT,High
r158,test,retained,Low,ALERT-noGoalChecker,Low
r158,test,retained,Low,ALERT-noPlanner,Low
r158,test,retained,Low,ALERT-noQueryExpand,High
r159,test,retained,High,B1,High
r159,test,retained,High,B2,High
r159,test,retained,High,B3,High
r159,test,retained,High,B4,High
r159,test,retained,High,B5,High
r159,test,retained,High,ALERT,High
r159,test,retained,High,ALERT-noGoalChecker,High
r159,test,retained,High,ALERT-noPlanner,High
r159,test,retained,High,ALERT-noQueryExpand,High
r160,test,retained,Medium,B1,Medium
r160,test,retained,Medium,B2,Medium
r160,test,retained,Medium,B3,Medium
r160,test,retained,Medium,B4,Medium
r160,test,retained,Medium,B5,Medium
r160,test,retained,Medium,ALERT,Medium
r160,test,retained,Medium,ALERT-noGoalChecker,Medium
r160,test,retained,Medium,ALERT-noPlanner,High
r160,test,retained,Medium,ALERT-noQueryExpand,Medium
r161,test,retained,Medium,B1,Medium
r161,test,retained,Medium,B2,High
r161,test,retained,Medium,B3,Medium
r161,test,retained,Medium,B4,Low
r161,test,retained,Medium,B5,Low
r161,test,retained,Medium,ALERT,Low
r161,test,retained,Medium,ALERT-noGoalChecker,Medium
r161,test,retained,Medium,ALERT-noPlanner,Medium
r161,test,retained,Medium,ALERT-noQueryExpand,Medium
r162,test,retained,High,B1,High
r162,test,retained,High,B2,High
r162,test,retained,High,B3,Medium
r162,test,retained,High,B4,High
r162,test,retained,High,B5,High
r162,test,retained,High,ALERT,High
r162,test,retained,High,ALERT-noGoalChecker,High
r162,test,retained,High,ALERT-noPlanner,High
r162,test,retained,High,ALERT-noQueryExpand,High
r163,test,retained,Medium,B1,High
r163,test,retained,Medium,B2,Medium
r163,test,retained,Medium,B3,Medium
r163,test,retained,Medium,B4,Medium
r163,test,retained,Medium,B5,Medium
r163,test,retained,Medium,ALERT,Medium
r163,test,retained,Medium,ALERT-noGoalChecker,Medium
r163,test,retained,Medium,ALERT-noPlanner,Medium
r163,test,retained,Medium,ALERT-noQueryExpand,Medium
r164,test,retained,Low,B1,High
r164,test,retained,Low,B2,High
r164,test,retained,Low,B3,Low
r164,test,retained,Low,B4,Low
r164,test,retained,Low,B5,Low
r164,test,retained,Low,ALERT,Low
r164,test,retained,Low,ALERT-noGoalChecker,High
r164,test,retained,Low,ALERT-noPlanner,Low
r164,test,retained,Low,ALERT-noQueryExpand,Low
r165,test,retained,Medium,B1,Medium
r165,test,retained,Medium,B2,Medium
r165,test,retained,Medium,B3,High
r165,test,retained,Medium,B4,Medium
r165,test,retained,Medium,B5,Low
r165,test,retained,Medium,ALERT,Medium
r165,test,retained,Medium,ALERT-noGoalChecker,Medium
r165,test,retained,Medium,ALERT-noPlanner,Medium
r165,test,retained,Medium,ALERT-noQueryExpand,Medium
r166,test,retained,High,B1,High
r166,test,retained,High,B2,High
r166,test,retained,High,B3,High
r166,test,retained,High,B4,High
r166,test,retained,High,B5,High
r166,test,retained,High,ALERT,High
r166,test,retained,High,ALERT-noGoalChecker,Medium
r166,test,retained,High,ALERT-noPlanner,High
r166,test,retained,High,ALERT-noQueryExpand,High
r167,test,retained,Medium,B1,Medium
r167,test,retained,Medium,B2,Medium
r167,test,retained,Medium,B3,High
r167,test,retained,Medium,B4,Medium
r167,test,retained,Medium,B5,Medium
r167,test,retained,Medium,ALERT,Medium
r167,test,retained,Medium,ALERT-noGoalChecker,High
r167,test,retained,Medium,ALERT-noPlanner,Medium
r167,test,retained,Medium,ALERT-noQueryExpand,Medium
hv000,train,human,High,ALERT,High
hv000,train,human,High,B5,Low
hv000,train,human,High,B4,Medium
hv001,train,human,Low,ALERT,Low
hv001,train,human,Low,B5,Low
hv001,train,human,Low,B4,Low
hv002,train,human,Low,ALERT,Medium
hv002,train,human,Low,B5,Low
hv002,train,human,Low,B4,Low
hv003,train,human,Low,ALERT,Low
hv003,train,human,Low,B5,Low
hv003,train,human,Low,B4,Low
hv004,train,human,High,ALERT,High
hv004,train,human,High,B5,High
hv004,train,human,High,B4,High
hv005,train,human,Medium,ALERT,Medium
hv005,train,human,Medium,B5,Medium
hv005,train,human,Medium,B4,Medium
hv006,train,human,Low,ALERT,Low
hv006,train,human,Low,B5,Low
hv006,train,human,Low,B4,Low
hv007,train,human,Low,ALERT,Medium
hv007,train,human,Low,B5,High
hv007,train,human,Low,B4,Low
hv008,train,human,High,ALERT,High
hv008,train,human,High,B5,High
hv008,train,human,High,B4,High
hv009,train,human,Medium,ALERT,Medium
hv009,train,human,Medium,B5,High
hv009,train,human,Medium,B4,Medium
hv010,train,human,Medium,ALERT,Low
hv010,train,human,Medium,B5,Medium
hv010,train,human,Medium,B4,Medium
hv011,train,human,Low,ALERT,Low
hv011,train,human,Low,B5,Low
hv011,train,human,Low,B4,Low
hv012,train,human,Low,ALERT,High
hv012,train,human,Low,B5,Low
hv012,train,human,Low,B4,Low
hv013,train,human,Low,ALERT,Low
hv013,train,human,Low,B5,Low
hv013,train,human,Low,B4,High
hv014,train,human,Medium,ALERT,Medium
hv014,train,human,Medium,B5,Medium
hv014,train,human,Medium,B4,Medium
hv015,train,human,Low,ALERT,Low
hv015,train,human,Low,B5,Low
hv015,train,human,Low,B4,Low
hv016,train,human,Medium,ALERT,Medium
hv016,train,human,Medium,B5,Medium
hv016,train,human,Medium,B4,Medium
hv017,train,human,Low,ALERT,Low
hv017,train,human,Low,B5,Low
hv017,train,human,Low,B4,Low
hv018,train,human,High,ALERT,High
hv018,train,human,High,B5,High
hv018,train,human,High,B4,High
hv019,train,human,High,ALERT,High
hv019,train,human,High,B5,High
hv019,train,human,High,B4,High
hv020,train,human,Low,ALERT,Low
hv020,train,human,Low,B5,High
hv020,train,human,Low,B4,Low
hv021,train,human,High,ALERT,High
hv021,train,human,High,B5,Low
hv021,train,human,High,B4,High
hv022,train,human,High,ALERT,High
hv022,train,human,High,B5,High
hv022,train,human,High,B4,High
hv023,train,human,High,ALERT,High
hv023,train,human,High,B5,High
hv023,train,human,High,B4,High
hv024,train,human,High,ALERT,High
hv024,train,human,High,B5,High
hv024,train,human,High,B4,High
hv025,validation,human,High,ALERT,High
hv025,validation,human,High,B5,High
hv025,validation,human,High,B4,High
hv026,validation,human,Medium,ALERT,Medium
hv026,validation,human,Medium,B5,Medium
hv026,validation,human,Medium,B4,Medium
hv027,validation,human,Low,ALERT,Low
hv027,validation,human,Low,B5,Low
hv027,validation,human,Low,B4,Low
hv028,validation,human,Medium,ALERT,Medium
hv028,validation,human,Medium,B5,Low
hv028,validation,human,Medium,B4,Medium
hv029,validation,human,Medium,ALERT,Medium
hv029,validation,human,Medium,B5,Medium
hv029,validation,human,Medium,B4,Medium
hv030,validation,human,High,ALERT,High
hv030,validation,human,High,B5,High
hv030,validation,human,High,B4,High
hv031,validation,human,Medium,ALERT,Medium
hv031,validation,human,Medium,B5,Medium
hv031,validation,human,Medium,B4,Medium
hv032,validation,human,Medium,ALERT,Medium
hv032,validation,human,Medium,B5,Medium
hv032,validation,human,Medium,B4,Medium
hv033,validation,human,Medium,ALERT,Medium
hv033,validation,human,Medium,B5,Medium
hv033,validation,human,Medium,B4,Medium
hv034,validation,human,Medium,ALERT,Medium
hv034,validation,human,Medium,B5,Medium
hv034,validation,human,Medium,B4,Medium
hv035,validation,human,Low,ALERT,Low
hv035,validation,human,Low,B5,Low
hv035,validation,human,Low,B4,Low
hv036,validation,human,Low,ALERT,Low
hv036,validation,human,Low,B5,Low
hv036,validation,human,Low,B4,Medium
hv037,validation,human,Medium,ALERT,Medium
hv037,validation,human,Medium,B5,Medium
hv037,validation,human,Medium,B4,Medium
hv038,validation,human,Medium,ALERT,High
hv038,validation,human,Medium,B5,Medium
hv038,validation,human,Medium,B4,Medium
hv039,validation,human,Medium,ALERT,Medium
hv039,validation,human,Medium,B5,Medium
hv039,validation,human,Medium,B4,Medium
