case_id,system,rater,dimension,score
rq2_c00,B2,r1,Accuracy,4
rq2_c00,B2,r2,Accuracy,4
rq2_c00,B2,r1,Completeness,4
rq2_c00,B2,r2,Completeness,4
rq2_c00,B2,r1,Actionability,3
rq2_c00,B2,r2,Actionability,3
rq2_c00,B2,r1,EvidenceSufficiency,3
rq2_c00,B2,r2,EvidenceSufficiency,4
rq2_c00,B2,r1,Clarity,4
rq2_c00,B2,r2,Clarity,4
rq2_c00,B3,r1,Accuracy,3
rq2_c00,B3,r2,Accuracy,3
rq2_c00,B3,r1,Completeness,3
rq2_c00,B3,r2,Completeness,3
rq2_c00,B3,r1,Actionability,3
rq2_c00,B3,r2,Actionability,3
rq2_c00,B3,r1,EvidenceSufficiency,4
rq2_c00,B3,r2,EvidenceSufficiency,4
rq2_c00,B3,r1,Clarity,3
rq2_c00,B3,r2,Clarity,3
rq2_c00,B4,r1,Accuracy,4
rq2_c00,B4,r2,Accuracy,4
rq2_c00,B4,r1,Completeness,4
rq2_c00,B4,r2,Completeness,4
rq2_c00,B4,r1,Actionability,3
rq2_c00,B4,r2,Actionability,3
rq2_c00,B4,r1,EvidenceSufficiency,3
rq2_c00,B4,r2,EvidenceSufficiency,4
rq2_c00,B4,r1,Clarity,3
rq2_c00,B4,r2,Clarity,3
rq2_c00,B5,r1,Accuracy,5
rq2_c00,B5,r2,Accuracy,5
rq2_c00,B5,r1,Completeness,3
rq2_c00,B5,r2,Completeness,5
rq2_c00,B5,r1,Actionability,3
rq2_c00,B5,r2,Actionability,4
rq2_c00,B5,r1,EvidenceSufficiency,3
rq2_c00,B5,r2,EvidenceSufficiency,3
rq2_c00,B5,r1,Clarity,4
rq2_c00,B5,r2,Clarity,4
rq2_c00,ALERT,r1,Accuracy,4
rq2_c00,ALERT,r2,Accuracy,4
rq2_c00,ALERT,r1,Completeness,4
rq2_c00,ALERT,r2,Completeness,4
rq2_c00,ALERT,r1,Actionability,5
rq2_c00,ALERT,r2,Actionability,4
rq2_c00,ALERT,r1,EvidenceSufficiency,5
rq2_c00,ALERT,r2,EvidenceSufficiency,5
rq2_c00,ALERT,r1,Clarity,4
rq2_c00,ALERT,r2,Clarity,4
rq2_c01,B2,r1,Accuracy,4
rq2_c01,B2,r2,Accuracy,3
rq2_c01,B2,r1,Completeness,3
rq2_c01,B2,r2,Completeness,3
rq2_c01,B2,r1,Actionability,3
rq2_c01,B2,r2,Actionability,3
rq2_c01,B2,r1,EvidenceSufficiency,4
rq2_c01,B2,r2,EvidenceSufficiency,4
rq2_c01,B2,r1,Clarity,4
rq2_c01,B2,r2,Clarity,4
rq2_c01,B3,r1,Accuracy,3
rq2_c01,B3,r2,Accuracy,3
rq2_c01,B3,r1,Completeness,4
rq2_c01,B3,r2,Completeness,3
rq2_c01,B3,r1,Actionability,3
rq2_c01,B3,r2,Actionability,3
rq2_c01,B3,r1,EvidenceSufficiency,4
rq2_c01,B3,r2,EvidenceSufficiency,4
rq2_c01,B3,r1,Clarity,4
rq2_c01,B3,r2,Clarity,3
rq2_c01,B4,r1,Accuracy,4
rq2_c01,B4,r2,Accuracy,4
rq2_c01,B4,r1,Completeness,4
rq2_c01,B4,r2,Completeness,4
rq2_c01,B4,r1,Actionability,4
rq2_c01,B4,r2,Actionability,4
rq2_c01,B4,r1,EvidenceSufficiency,4
rq2_c01,B4,r2,EvidenceSufficiency,4
rq2_c01,B4,r1,Clarity,3
rq2_c01,B4,r2,Clarity,3
rq2_c01,B5,r1,Accuracy,4
rq2_c01,B5,r2,Accuracy,4
rq2_c01,B5,r1,Completeness,4
rq2_c01,B5,r2,Completeness,4
rq2_c01,B5,r1,Actionability,3
rq2_c01,B5,r2,Actionability,3
rq2_c01,B5,r1,EvidenceSufficiency,4
rq2_c01,B5,r2,EvidenceSufficiency,4
rq2_c01,B5,r1,Clarity,4
rq2_c01,B5,r2,Clarity,4
rq2_c01,ALERT,r1,Accuracy,4
rq2_c01,ALERT,r2,Accuracy,4
rq2_c01,ALERT,r1,Completeness,4
rq2_c01,ALERT,r2,Completeness,4
rq2_c01,ALERT,r1,Actionability,4
rq2_c01,ALERT,r2,Actionability,4
rq2_c01,ALERT,r1,EvidenceSufficiency,5
rq2_c01,ALERT,r2,EvidenceSufficiency,5
rq2_c01,ALERT,r1,Clarity,5
rq2_c01,ALERT,r2,Clarity,5
rq2_c02,B2,r1,Accuracy,3
rq2_c02,B2,r2,Accuracy,3
rq2_c02,B2,r1,Completeness,4
rq2_c02,B2,r2,Completeness,4
rq2_c02,B2,r1,Actionability,3
rq2_c02,B2,r2,Actionability,4
rq2_c02,B2,r1,EvidenceSufficiency,4
rq2_c02,B2,r2,EvidenceSufficiency,4
rq2_c02,B2,r1,Clarity,3
rq2_c02,B2,r2,Clarity,3
rq2_c02,B3,r1,Accuracy,4
rq2_c02,B3,r2,Accuracy,4
rq2_c02,B3,r1,Completeness,3
rq2_c02,B3,r2,Completeness,4
rq2_c02,B3,r1,Actionability,4
rq2_c02,B3,r2,Actionability,4
rq2_c02,B3,r1,EvidenceSufficiency,4
rq2_c02,B3,r2,EvidenceSufficiency,4
rq2_c02,B3,r1,Clarity,3
rq2_c02,B3,r2,Clarity,3
rq2_c02,B4,r1,Accuracy,4
rq2_c02,B4,r2,Accuracy,4
rq2_c02,B4,r1,Completeness,4
rq2_c02,B4,r2,Completeness,4
rq2_c02,B4,r1,Actionability,4
rq2_c02,B4,r2,Actionability,5
rq2_c02,B4,r1,EvidenceSufficiency,3
rq2_c02,B4,r2,EvidenceSufficiency,3
rq2_c02,B4,r1,Clarity,4
rq2_c02,B4,r2,Clarity,4
rq2_c02,B5,r1,Accuracy,4
rq2_c02,B5,r2,Accuracy,4
rq2_c02,B5,r1,Completeness,4
rq2_c02,B5,r2,Completeness,4
rq2_c02,B5,r1,Actionability,5
rq2_c02,B5,r2,Actionability,5
rq2_c02,B5,r1,EvidenceSufficiency,3
rq2_c02,B5,r2,EvidenceSufficiency,3
rq2_c02,B5,r1,Clarity,4
rq2_c02,B5,r2,Clarity,4
rq2_c02,ALERT,r1,Accuracy,4
rq2_c02,ALERT,r2,Accuracy,4
rq2_c02,ALERT,r1,Completeness,4
rq2_c02,ALERT,r2,Completeness,4
rq2_c02,ALERT,r1,Actionability,5
rq2_c02,ALERT,r2,Actionability,5
rq2_c02,ALERT,r1,EvidenceSufficiency,4
rq2_c02,ALERT,r2,EvidenceSufficiency,4
rq2_c02,ALERT,r1,Clarity,4
rq2_c02,ALERT,r2,Clarity,3
rq2_c03,B2,r1,Accuracy,4
rq2_c03,B2,r2,Accuracy,4
rq2_c03,B2,r1,Completeness,3
rq2_c03,B2,r2,Completeness,3
rq2_c03,B2,r1,Actionability,3
rq2_c03,B2,r2,Actionability,3
rq2_c03,B2,r1,EvidenceSufficiency,4
rq2_c03,B2,r2,EvidenceSufficiency,3
rq2_c03,B2,r1,Clarity,3
rq2_c03,B2,r2,Clarity,3
rq2_c03,B3,r1,Accuracy,3
rq2_c03,B3,r2,Accuracy,3
rq2_c03,B3,r1,Completeness,3
rq2_c03,B3,r2,Completeness,3
rq2_c03,B3,r1,Actionability,4
rq2_c03,B3,r2,Actionability,4
rq2_c03,B3,r1,EvidenceSufficiency,4
rq2_c03,B3,r2,EvidenceSufficiency,4
rq2_c03,B3,r1,Clarity,4
rq2_c03,B3,r2,Clarity,4
rq2_c03,B4,r1,Accuracy,3
rq2_c03,B4,r2,Accuracy,4
rq2_c03,B4,r1,Completeness,4
rq2_c03,B4,r2,Completeness,4
rq2_c03,B4,r1,Actionability,4
rq2_c03,B4,r2,Actionability,4
rq2_c03,B4,r1,EvidenceSufficiency,4
rq2_c03,B4,r2,EvidenceSufficiency,4
rq2_c03,B4,r1,Clarity,4
rq2_c03,B4,r2,Clarity,4
rq2_c03,B5,r1,Accuracy,4
rq2_c03,B5,r2,Accuracy,4
rq2_c03,B5,r1,Completeness,3
rq2_c03,B5,r2,Completeness,3
rq2_c03,B5,r1,Actionability,3
rq2_c03,B5,r2,Actionability,3
rq2_c03,B5,r1,EvidenceSufficiency,3
rq2_c03,B5,r2,EvidenceSufficiency,3
rq2_c03,B5,r1,Clarity,4
rq2_c03,B5,r2,Clarity,4
rq2_c03,ALERT,r1,Accuracy,4
rq2_c03,ALERT,r2,Accuracy,4
rq2_c03,ALERT,r1,Completeness,5
rq2_c03,ALERT,r2,Completeness,4
rq2_c03,ALERT,r1,Actionability,4
rq2_c03,ALERT,r2,Actionability,4
rq2_c03,ALERT,r1,EvidenceSufficiency,5
rq2_c03,ALERT,r2,EvidenceSufficiency,4
rq2_c03,ALERT,r1,Clarity,4
rq2_c03,ALERT,r2,Clarity,4
rq2_c04,B2,r1,Accuracy,3
rq2_c04,B2,r2,Accuracy,3
rq2_c04,B2,r1,Completeness,3
rq2_c04,B2,r2,Completeness,3
rq2_c04,B2,r1,Actionability,3
rq2_c04,B2,r2,Actionability,4
rq2_c04,B2,r1,EvidenceSufficiency,3
rq2_c04,B2,r2,EvidenceSufficiency,3
rq2_c04,B2,r1,Clarity,4
rq2_c04,B2,r2,Clarity,4
rq2_c04,B3,r1,Accuracy,3
rq2_c04,B3,r2,Accuracy,3
rq2_c04,B3,r1,Completeness,3
rq2_c04,B3,r2,Completeness,3
rq2_c04,B3,r1,Actionability,4
rq2_c04,B3,r2,Actionability,4
rq2_c04,B3,r1,EvidenceSufficiency,3
rq2_c04,B3,r2,EvidenceSufficiency,3
rq2_c04,B3,r1,Clarity,3
rq2_c04,B3,r2,Clarity,4
rq2_c04,B4,r1,Accuracy,4
rq2_c04,B4,r2,Accuracy,4
rq2_c04,B4,r1,Completeness,4
rq2_c04,B4,r2,Completeness,4
rq2_c04,B4,r1,Actionability,3
rq2_c04,B4,r2,Actionability,4
rq2_c04,B4,r1,EvidenceSufficiency,4
rq2_c04,B4,r2,EvidenceSufficiency,4
rq2_c04,B4,r1,Clarity,3
rq2_c04,B4,r2,Clarity,3
rq2_c04,B5,r1,Accuracy,3
rq2_c04,B5,r2,Accuracy,3
rq2_c04,B5,r1,Completeness,3
rq2_c04,B5,r2,Completeness,3
rq2_c04,B5,r1,Actionability,4
rq2_c04,B5,r2,Actionability,4
rq2_c04,B5,r1,EvidenceSufficiency,4
rq2_c04,B5,r2,EvidenceSufficiency,4
rq2_c04,B5,r1,Clarity,4
rq2_c04,B5,r2,Clarity,4
rq2_c04,ALERT,r1,Accuracy,4
rq2_c04,ALERT,r2,Accuracy,4
rq2_c04,ALERT,r1,Completeness,5
rq2_c04,ALERT,r2,Completeness,5
rq2_c04,ALERT,r1,Actionability,4
rq2_c04,ALERT,r2,Actionability,4
rq2_c04,ALERT,r1,EvidenceSufficiency,5
rq2_c04,ALERT,r2,EvidenceSufficiency,5
rq2_c04,ALERT,r1,Clarity,4
rq2_c04,ALERT,r2,Clarity,4
rq2_c05,B2,r1,Accuracy,4
rq2_c05,B2,r2,Accuracy,3
rq2_c05,B2,r1,Completeness,4
rq2_c05,B2,r2,Completeness,4
rq2_c05,B2,r1,Actionability,3
rq2_c05,B2,r2,Actionability,3
rq2_c05,B2,r1,EvidenceSufficiency,3
rq2_c05,B2,r2,EvidenceSufficiency,3
rq2_c05,B2,r1,Clarity,3
rq2_c05,B2,r2,Clarity,3
rq2_c05,B3,r1,Accuracy,4
rq2_c05,B3,r2,Accuracy,4
rq2_c05,B3,r1,Completeness,4
rq2_c05,B3,r2,Completeness,4
rq2_c05,B3,r1,Actionability,3
rq2_c05,B3,r2,Actionability,3
rq2_c05,B3,r1,EvidenceSufficiency,4
rq2_c05,B3,r2,EvidenceSufficiency,4
rq2_c05,B3,r1,Clarity,3
rq2_c05,B3,r2,Clarity,3
rq2_c05,B4,r1,Accuracy,4
rq2_c05,B4,r2,Accuracy,4
rq2_c05,B4,r1,Completeness,3
rq2_c05,B4,r2,Completeness,3
rq2_c05,B4,r1,Actionability,4
rq2_c05,B4,r2,Actionability,4
rq2_c05,B4,r1,EvidenceSufficiency,4
rq2_c05,B4,r2,EvidenceSufficiency,4
rq2_c05,B4,r1,Clarity,4
rq2_c05,B4,r2,Clarity,3
rq2_c05,B5,r1,Accuracy,4
rq2_c05,B5,r2,Accuracy,4
rq2_c05,B5,r1,Completeness,4
rq2_c05,B5,r2,Completeness,4
rq2_c05,B5,r1,Actionability,4
rq2_c05,B5,r2,Actionability,4
rq2_c05,B5,r1,EvidenceSufficiency,4
rq2_c05,B5,r2,EvidenceSufficiency,5
rq2_c05,B5,r1,Clarity,4
rq2_c05,B5,r2,Clarity,4
rq2_c05,ALERT,r1,Accuracy,5
rq2_c05,ALERT,r2,Accuracy,5
rq2_c05,ALERT,r1,Completeness,5
rq2_c05,ALERT,r2,Completeness,5
rq2_c05,ALERT,r1,Actionability,4
rq2_c05,ALERT,r2,Actionability,4
rq2_c05,ALERT,r1,EvidenceSufficiency,4
rq2_c05,ALERT,r2,EvidenceSufficiency,4
rq2_c05,ALERT,r1,Clarity,4
rq2_c05,ALERT,r2,Clarity,4
rq2_c06,B2,r1,Accuracy,4
rq2_c06,B2,r2,Accuracy,4
rq2_c06,B2,r1,Completeness,3
rq2_c06,B2,r2,Completeness,3
rq2_c06,B2,r1,Actionability,3
rq2_c06,B2,r2,Actionability,3
rq2_c06,B2,r1,EvidenceSufficiency,3
rq2_c06,B2,r2,EvidenceSufficiency,3
rq2_c06,B2,r1,Clarity,4
rq2_c06,B2,r2,Clarity,4
rq2_c06,B3,r1,Accuracy,4
rq2_c06,B3,r2,Accuracy,4
rq2_c06,B3,r1,Completeness,3
rq2_c06,B3,r2,Completeness,3
rq2_c06,B3,r1,Actionability,4
rq2_c06,B3,r2,Actionability,4
rq2_c06,B3,r1,EvidenceSufficiency,4
rq2_c06,B3,r2,EvidenceSufficiency,4
rq2_c06,B3,r1,Clarity,4
rq2_c06,B3,r2,Clarity,4
rq2_c06,B4,r1,Accuracy,4
rq2_c06,B4,r2,Accuracy,4
rq2_c06,B4,r1,Completeness,4
rq2_c06,B4,r2,Completeness,4
rq2_c06,B4,r1,Actionability,4
rq2_c06,B4,r2,Actionability,4
rq2_c06,B4,r1,EvidenceSufficiency,4
rq2_c06,B4,r2,EvidenceSufficiency,4
rq2_c06,B4,r1,Clarity,4
rq2_c06,B4,r2,Clarity,4
rq2_c06,B5,r1,Accuracy,4
rq2_c06,B5,r2,Accuracy,4
rq2_c06,B5,r1,Completeness,4
rq2_c06,B5,r2,Completeness,4
rq2_c06,B5,r1,Actionability,4
rq2_c06,B5,r2,Actionability,4
rq2_c06,B5,r1,EvidenceSufficiency,4
rq2_c06,B5,r2,EvidenceSufficiency,4
rq2_c06,B5,r1,Clarity,4
rq2_c06,B5,r2,Clarity,4
rq2_c06,ALERT,r1,Accuracy,4
rq2_c06,ALERT,r2,Accuracy,4
rq2_c06,ALERT,r1,Completeness,4
rq2_c06,ALERT,r2,Completeness,4
rq2_c06,ALERT,r1,Actionability,5
rq2_c06,ALERT,r2,Actionability,5
rq2_c06,ALERT,r1,EvidenceSufficiency,5
rq2_c06,ALERT,r2,EvidenceSufficiency,5
rq2_c06,ALERT,r1,Clarity,4
rq2_c06,ALERT,r2,Clarity,4
rq2_c07,B2,r1,Accuracy,4
rq2_c07,B2,r2,Accuracy,4
rq2_c07,B2,r1,Completeness,3
rq2_c07,B2,r2,Completeness,3
rq2_c07,B2,r1,Actionability,3
rq2_c07,B2,r2,Actionability,3
rq2_c07,B2,r1,EvidenceSufficiency,3
rq2_c07,B2,r2,EvidenceSufficiency,3
rq2_c07,B2,r1,Clarity,3
rq2_c07,B2,r2,Clarity,3
rq2_c07,B3,r1,Accuracy,3
rq2_c07,B3,r2,Accuracy,3
rq2_c07,B3,r1,Completeness,3
rq2_c07,B3,r2,Completeness,3
rq2_c07,B3,r1,Actionability,3
rq2_c07,B3,r2,Actionability,3
rq2_c07,B3,r1,EvidenceSufficiency,4
rq2_c07,B3,r2,EvidenceSufficiency,4
rq2_c07,B3,r1,Clarity,4
rq2_c07,B3,r2,Clarity,4
rq2_c07,B4,r1,Accuracy,3
rq2_c07,B4,r2,Accuracy,3
rq2_c07,B4,r1,Completeness,4
rq2_c07,B4,r2,Completeness,4
rq2_c07,B4,r1,Actionability,4
rq2_c07,B4,r2,Actionability,4
rq2_c07,B4,r1,EvidenceSufficiency,4
rq2_c07,B4,r2,EvidenceSufficiency,4
rq2_c07,B4,r1,Clarity,3
rq2_c07,B4,r2,Clarity,3
rq2_c07,B5,r1,Accuracy,5
rq2_c07,B5,r2,Accuracy,5
rq2_c07,B5,r1,Completeness,3
rq2_c07,B5,r2,Completeness,3
rq2_c07,B5,r1,Actionability,3
rq2_c07,B5,r2,Actionability,4
rq2_c07,B5,r1,EvidenceSufficiency,4
rq2_c07,B5,r2,EvidenceSufficiency,4
rq2_c07,B5,r1,Clarity,4
rq2_c07,B5,r2,Clarity,4
rq2_c07,ALERT,r1,Accuracy,4
rq2_c07,ALERT,r2,Accuracy,4
rq2_c07,ALERT,r1,Completeness,5
rq2_c07,ALERT,r2,Completeness,5
rq2_c07,ALERT,r1,Actionability,4
rq2_c07,ALERT,r2,Actionability,4
rq2_c07,ALERT,r1,EvidenceSufficiency,4
rq2_c07,ALERT,r2,EvidenceSufficiency,4
rq2_c07,ALERT,r1,Clarity,4
rq2_c07,ALERT,r2,Clarity,4
rq2_c08,B2,r1,Accuracy,3
rq2_c08,B2,r2,Accuracy,3
rq2_c08,B2,r1,Completeness,4
rq2_c08,B2,r2,Completeness,4
rq2_c08,B2,r1,Actionability,4
rq2_c08,B2,r2,Actionability,4
rq2_c08,B2,r1,EvidenceSufficiency,4
rq2_c08,B2,r2,EvidenceSufficiency,4
rq2_c08,B2,r1,Clarity,4
rq2_c08,B2,r2,Clarity,4
rq2_c08,B3,r1,Accuracy,4
rq2_c08,B3,r2,Accuracy,4
rq2_c08,B3,r1,Completeness,3
rq2_c08,B3,r2,Completeness,3
rq2_c08,B3,r1,Actionability,3
rq2_c08,B3,r2,Actionability,3
rq2_c08,B3,r1,EvidenceSufficiency,4
rq2_c08,B3,r2,EvidenceSufficiency,4
rq2_c08,B3,r1,Clarity,4
rq2_c08,B3,r2,Clarity,4
rq2_c08,B4,r1,Accuracy,4
rq2_c08,B4,r2,Accuracy,3
rq2_c08,B4,r1,Completeness,4
rq2_c08,B4,r2,Completeness,3
rq2_c08,B4,r1,Actionability,3
rq2_c08,B4,r2,Actionability,4
rq2_c08,B4,r1,EvidenceSufficiency,4
rq2_c08,B4,r2,EvidenceSufficiency,4
rq2_c08,B4,r1,Clarity,4
rq2_c08,B4,r2,Clarity,4
rq2_c08,B5,r1,Accuracy,4
rq2_c08,B5,r2,Accuracy,4
rq2_c08,B5,r1,Completeness,3
rq2_c08,B5,r2,Completeness,3
rq2_c08,B5,r1,Actionability,3
rq2_c08,B5,r2,Actionability,3
rq2_c08,B5,r1,EvidenceSufficiency,4
rq2_c08,B5,r2,EvidenceSufficiency,3
rq2_c08,B5,r1,Clarity,4
rq2_c08,B5,r2,Clarity,4
rq2_c08,ALERT,r1,Accuracy,5
rq2_c08,ALERT,r2,Accuracy,5
rq2_c08,ALERT,r1,Completeness,4
rq2_c08,ALERT,r2,Completeness,4
rq2_c08,ALERT,r1,Actionability,4
rq2_c08,ALERT,r2,Actionability,4
rq2_c08,ALERT,r1,EvidenceSufficiency,4
rq2_c08,ALERT,r2,EvidenceSufficiency,5
rq2_c08,ALERT,r1,Clarity,4
rq2_c08,ALERT,r2,Clarity,4
rq2_c09,B2,r1,Accuracy,4
rq2_c09,B2,r2,Accuracy,3
rq2_c09,B2,r1,Completeness,3
rq2_c09,B2,r2,Completeness,3
rq2_c09,B2,r1,Actionability,4
rq2_c09,B2,r2,Actionability,4
rq2_c09,B2,r1,EvidenceSufficiency,4
rq2_c09,B2,r2,EvidenceSufficiency,4
rq2_c09,B2,r1,Clarity,3
rq2_c09,B2,r2,Clarity,3
rq2_c09,B3,r1,Accuracy,4
rq2_c09,B3,r2,Accuracy,4
rq2_c09,B3,r1,Completeness,3
rq2_c09,B3,r2,Completeness,3
rq2_c09,B3,r1,Actionability,4
rq2_c09,B3,r2,Actionability,4
rq2_c09,B3,r1,EvidenceSufficiency,3
rq2_c09,B3,r2,EvidenceSufficiency,3
rq2_c09,B3,r1,Clarity,4
rq2_c09,B3,r2,Clarity,4
rq2_c09,B4,r1,Accuracy,4
rq2_c09,B4,r2,Accuracy,4
rq2_c09,B4,r1,Completeness,4
rq2_c09,B4,r2,Completeness,4
rq2_c09,B4,r1,Actionability,4
rq2_c09,B4,r2,Actionability,4
rq2_c09,B4,r1,EvidenceSufficiency,4
rq2_c09,B4,r2,EvidenceSufficiency,4
rq2_c09,B4,r1,Clarity,3
rq2_c09,B4,r2,Clarity,3
rq2_c09,B5,r1,Accuracy,4
rq2_c09,B5,r2,Accuracy,4
rq2_c09,B5,r1,Completeness,4
rq2_c09,B5,r2,Completeness,4
rq2_c09,B5,r1,Actionability,4
rq2_c09,B5,r2,Actionability,4
rq2_c09,B5,r1,EvidenceSufficiency,4
rq2_c09,B5,r2,EvidenceSufficiency,4
rq2_c09,B5,r1,Clarity,3
rq2_c09,B5,r2,Clarity,3
rq2_c09,ALERT,r1,Accuracy,5
rq2_c09,ALERT,r2,Accuracy,5
rq2_c09,ALERT,r1,Completeness,4
rq2_c09,ALERT,r2,Completeness,4
rq2_c09,ALERT,r1,Actionability,4
rq2_c09,ALERT,r2,Actionability,4
rq2_c09,ALERT,r1,EvidenceSufficiency,5
rq2_c09,ALERT,r2,EvidenceSufficiency,5
rq2_c09,ALERT,r1,Clarity,3
rq2_c09,ALERT,r2,Clarity,3
rq2_c10,B2,r1,Accuracy,3
rq2_c10,B2,r2,Accuracy,3
rq2_c10,B2,r1,Completeness,4
rq2_c10,B2,r2,Completeness,4
rq2_c10,B2,r1,Actionability,4
rq2_c10,B2,r2,Actionability,4
rq2_c10,B2,r1,EvidenceSufficiency,4
rq2_c10,B2,r2,EvidenceSufficiency,3
rq2_c10,B2,r1,Clarity,3
rq2_c10,B2,r2,Clarity,3
rq2_c10,B3,r1,Accuracy,4
rq2_c10,B3,r2,Accuracy,4
rq2_c10,B3,r1,Completeness,3
rq2_c10,B3,r2,Completeness,3
rq2_c10,B3,r1,Actionability,4
rq2_c10,B3,r2,Actionability,4
rq2_c10,B3,r1,EvidenceSufficiency,4
rq2_c10,B3,r2,EvidenceSufficiency,4
rq2_c10,B3,r1,Clarity,4
rq2_c10,B3,r2,Clarity,4
rq2_c10,B4,r1,Accuracy,4
rq2_c10,B4,r2,Accuracy,4
rq2_c10,B4,r1,Completeness,3
rq2_c10,B4,r2,Completeness,3
rq2_c10,B4,r1,Actionability,4
rq2_c10,B4,r2,Actionability,4
rq2_c10,B4,r1,EvidenceSufficiency,3
rq2_c10,B4,r2,EvidenceSufficiency,3
rq2_c10,B4,r1,Clarity,4
rq2_c10,B4,r2,Clarity,4
rq2_c10,B5,r1,Accuracy,3
rq2_c10,B5,r2,Accuracy,3
rq2_c10,B5,r1,Completeness,3
rq2_c10,B5,r2,Completeness,3
rq2_c10,B5,r1,Actionability,3
rq2_c10,B5,r2,Actionability,4
rq2_c10,B5,r1,EvidenceSufficiency,4
rq2_c10,B5,r2,EvidenceSufficiency,4
rq2_c10,B5,r1,Clarity,3
rq2_c10,B5,r2,Clarity,3
rq2_c10,ALERT,r1,Accuracy,4
rq2_c10,ALERT,r2,Accuracy,4
rq2_c10,ALERT,r1,Completeness,4
rq2_c10,ALERT,r2,Completeness,4
rq2_c10,ALERT,r1,Actionability,4
rq2_c10,ALERT,r2,Actionability,4
rq2_c10,ALERT,r1,EvidenceSufficiency,4
rq2_c10,ALERT,r2,EvidenceSufficiency,4
rq2_c10,ALERT,r1,Clarity,5
rq2_c10,ALERT,r2,Clarity,5
rq2_c11,B2,r1,Accuracy,3
rq2_c11,B2,r2,Accuracy,3
rq2_c11,B2,r1,Completeness,3
rq2_c11,B2,r2,Completeness,3
rq2_c11,B2,r1,Actionability,4
rq2_c11,B2,r2,Actionability,3
rq2_c11,B2,r1,EvidenceSufficiency,4
rq2_c11,B2,r2,EvidenceSufficiency,4
rq2_c11,B2,r1,Clarity,3
rq2_c11,B2,r2,Clarity,3
rq2_c11,B3,r1,Accuracy,4
rq2_c11,B3,r2,Accuracy,4
rq2_c11,B3,r1,Completeness,3
rq2_c11,B3,r2,Completeness,3
rq2_c11,B3,r1,Actionability,4
rq2_c11,B3,r2,Actionability,4
rq2_c11,B3,r1,EvidenceSufficiency,4
rq2_c11,B3,r2,EvidenceSufficiency,4
rq2_c11,B3,r1,Clarity,3
rq2_c11,B3,r2,Clarity,4
rq2_c11,B4,r1,Accuracy,3
rq2_c11,B4,r2,Accuracy,4
rq2_c11,B4,r1,Completeness,3
rq2_c11,B4,r2,Completeness,3
rq2_c11,B4,r1,Actionability,3
rq2_c11,B4,r2,Actionability,4
rq2_c11,B4,r1,EvidenceSufficiency,4
rq2_c11,B4,r2,EvidenceSufficiency,4
rq2_c11,B4,r1,Clarity,4
rq2_c11,B4,r2,Clarity,4
rq2_c11,B5,r1,Accuracy,4
rq2_c11,B5,r2,Accuracy,4
rq2_c11,B5,r1,Completeness,3
rq2_c11,B5,r2,Completeness,3
rq2_c11,B5,r1,Actionability,4
rq2_c11,B5,r2,Actionability,4
rq2_c11,B5,r1,EvidenceSufficiency,4
rq2_c11,B5,r2,EvidenceSufficiency,4
rq2_c11,B5,r1,Clarity,3
rq2_c11,B5,r2,Clarity,3
rq2_c11,ALERT,r1,Accuracy,4
rq2_c11,ALERT,r2,Accuracy,4
rq2_c11,ALERT,r1,Completeness,5
rq2_c11,ALERT,r2,Completeness,5
rq2_c11,ALERT,r1,Actionability,4
rq2_c11,ALERT,r2,Actionability,4
rq2_c11,ALERT,r1,EvidenceSufficiency,4
rq2_c11,ALERT,r2,EvidenceSufficiency,4
rq2_c11,ALERT,r1,Clarity,4
rq2_c11,ALERT,r2,Clarity,4
rq2_c12,B2,r1,Accuracy,4
rq2_c12,B2,r2,Accuracy,3
rq2_c12,B2,r1,Completeness,4
rq2_c12,B2,r2,Completeness,4
rq2_c12,B2,r1,Actionability,4
rq2_c12,B2,r2,Actionability,4
rq2_c12,B2,r1,EvidenceSufficiency,4
rq2_c12,B2,r2,EvidenceSufficiency,4
rq2_c12,B2,r1,Clarity,3
rq2_c12,B2,r2,Clarity,4
rq2_c12,B3,r1,Accuracy,4
rq2_c12,B3,r2,Accuracy,4
rq2_c12,B3,r1,Completeness,3
rq2_c12,B3,r2,Completeness,4
rq2_c12,B3,r1,Actionability,4
rq2_c12,B3,r2,Actionability,4
rq2_c12,B3,r1,EvidenceSufficiency,4
rq2_c12,B3,r2,EvidenceSufficiency,4
rq2_c12,B3,r1,Clarity,4
rq2_c12,B3,r2,Clarity,4
rq2_c12,B4,r1,Accuracy,3
rq2_c12,B4,r2,Accuracy,3
rq2_c12,B4,r1,Completeness,4
rq2_c12,B4,r2,Completeness,4
rq2_c12,B4,r1,Actionability,4
rq2_c12,B4,r2,Actionability,4
rq2_c12,B4,r1,EvidenceSufficiency,4
rq2_c12,B4,r2,EvidenceSufficiency,4
rq2_c12,B4,r1,Clarity,3
rq2_c12,B4,r2,Clarity,3
rq2_c12,B5,r1,Accuracy,3
rq2_c12,B5,r2,Accuracy,3
rq2_c12,B5,r1,Completeness,4
rq2_c12,B5,r2,Completeness,4
rq2_c12,B5,r1,Actionability,3
rq2_c12,B5,r2,Actionability,3
rq2_c12,B5,r1,EvidenceSufficiency,4
rq2_c12,B5,r2,EvidenceSufficiency,4
rq2_c12,B5,r1,Clarity,4
rq2_c12,B5,r2,Clarity,4
rq2_c12,ALERT,r1,Accuracy,4
rq2_c12,ALERT,r2,Accuracy,4
rq2_c12,ALERT,r1,Completeness,4
rq2_c12,ALERT,r2,Completeness,4
rq2_c12,ALERT,r1,Actionability,4
rq2_c12,ALERT,r2,Actionability,4
rq2_c12,ALERT,r1,EvidenceSufficiency,4
rq2_c12,ALERT,r2,EvidenceSufficiency,4
rq2_c12,ALERT,r1,Clarity,4
rq2_c12,ALERT,r2,Clarity,4
rq2_c13,B2,r1,Accuracy,4
rq2_c13,B2,r2,Accuracy,4
rq2_c13,B2,r1,Completeness,3
rq2_c13,B2,r2,Completeness,3
rq2_c13,B2,r1,Actionability,3
rq2_c13,B2,r2,Actionability,3
rq2_c13,B2,r1,EvidenceSufficiency,4
rq2_c13,B2,r2,EvidenceSufficiency,4
rq2_c13,B2,r1,Clarity,3
rq2_c13,B2,r2,Clarity,3
rq2_c13,B3,r1,Accuracy,4
rq2_c13,B3,r2,Accuracy,4
rq2_c13,B3,r1,Completeness,4
rq2_c13,B3,r2,Completeness,4
rq2_c13,B3,r1,Actionability,3
rq2_c13,B3,r2,Actionability,3
rq2_c13,B3,r1,EvidenceSufficiency,4
rq2_c13,B3,r2,EvidenceSufficiency,4
rq2_c13,B3,r1,Clarity,4
rq2_c13,B3,r2,Clarity,4
rq2_c13,B4,r1,Accuracy,4
rq2_c13,B4,r2,Accuracy,4
rq2_c13,B4,r1,Completeness,4
rq2_c13,B4,r2,Completeness,4
rq2_c13,B4,r1,Actionability,4
rq2_c13,B4,r2,Actionability,4
rq2_c13,B4,r1,EvidenceSufficiency,4
rq2_c13,B4,r2,EvidenceSufficiency,4
rq2_c13,B4,r1,Clarity,4
rq2_c13,B4,r2,Clarity,3
rq2_c13,B5,r1,Accuracy,4
rq2_c13,B5,r2,Accuracy,4
rq2_c13,B5,r1,Completeness,3
rq2_c13,B5,r2,Completeness,3
rq2_c13,B5,r1,Actionability,5
rq2_c13,B5,r2,Actionability,5
rq2_c13,B5,r1,EvidenceSufficiency,3
rq2_c13,B5,r2,EvidenceSufficiency,3
rq2_c13,B5,r1,Clarity,4
rq2_c13,B5,r2,Clarity,4
rq2_c13,ALERT,r1,Accuracy,4
rq2_c13,ALERT,r2,Accuracy,5
rq2_c13,ALERT,r1,Completeness,5
rq2_c13,ALERT,r2,Completeness,5
rq2_c13,ALERT,r1,Actionability,5
rq2_c13,ALERT,r2,Actionability,5
rq2_c13,ALERT,r1,EvidenceSufficiency,4
rq2_c13,ALERT,r2,EvidenceSufficiency,4
rq2_c13,ALERT,r1,Clarity,4
rq2_c13,ALERT,r2,Clarity,4
rq2_c14,B2,r1,Accuracy,3
rq2_c14,B2,r2,Accuracy,3
rq2_c14,B2,r1,Completeness,4
rq2_c14,B2,r2,Completeness,4
rq2_c14,B2,r1,Actionability,4
rq2_c14,B2,r2,Actionability,4
rq2_c14,B2,r1,EvidenceSufficiency,4
rq2_c14,B2,r2,EvidenceSufficiency,4
rq2_c14,B2,r1,Clarity,3
rq2_c14,B2,r2,Clarity,3
rq2_c14,B3,r1,Accuracy,3
rq2_c14,B3,r2,Accuracy,3
rq2_c14,B3,r1,Completeness,3
rq2_c14,B3,r2,Completeness,3
rq2_c14,B3,r1,Actionability,3
rq2_c14,B3,r2,Actionability,3
rq2_c14,B3,r1,EvidenceSufficiency,4
rq2_c14,B3,r2,EvidenceSufficiency,4
rq2_c14,B3,r1,Clarity,4
rq2_c14,B3,r2,Clarity,4
rq2_c14,B4,r1,Accuracy,4
rq2_c14,B4,r2,Accuracy,4
rq2_c14,B4,r1,Completeness,4
rq2_c14,B4,r2,Completeness,4
rq2_c14,B4,r1,Actionability,4
rq2_c14,B4,r2,Actionability,4
rq2_c14,B4,r1,EvidenceSufficiency,3
rq2_c14,B4,r2,EvidenceSufficiency,3
rq2_c14,B4,r1,Clarity,4
rq2_c14,B4,r2,Clarity,4
rq2_c14,B5,r1,Accuracy,4
rq2_c14,B5,r2,Accuracy,4
rq2_c14,B5,r1,Completeness,4
rq2_c14,B5,r2,Completeness,4
rq2_c14,B5,r1,Actionability,4
rq2_c14,B5,r2,Actionability,4
rq2_c14,B5,r1,EvidenceSufficiency,4
rq2_c14,B5,r2,EvidenceSufficiency,4
rq2_c14,B5,r1,Clarity,4
rq2_c14,B5,r2,Clarity,4
rq2_c14,ALERT,r1,Accuracy,4
rq2_c14,ALERT,r2,Accuracy,4
rq2_c14,ALERT,r1,Completeness,4
rq2_c14,ALERT,r2,Completeness,4
rq2_c14,ALERT,r1,Actionability,4
rq2_c14,ALERT,r2,Actionability,4
rq2_c14,ALERT,r1,EvidenceSufficiency,4
rq2_c14,ALERT,r2,EvidenceSufficiency,4
rq2_c14,ALERT,r1,Clarity,4
rq2_c14,ALERT,r2,Clarity,4
